uid,arota,background,bladder,duodenum,esophagus,gall bladder,left adrenal gland,left kidney,liver,pancreas,postcava,prostate/uterus,right adrenal gland,right kidney,spleen,stomach
amos_0161,0.9087143741081689,,0.9347619081207282,0.543154595320721,0.7903636784804262,0.8901696741179639,0.7288135593220338,0.9657228017883756,0.9667839871697642,0.7813144966716083,0.8762646933630202,,0.5950138504155125,0.9628633843051588,0.9392889728621143,0.911741870661308
amos_0123,0.9141815901877033,,0.3600631412786109,0.8399331447672924,0.8742597033919045,0.9081557678177811,0.8473011363636364,0.967084066044305,0.9790372700852518,0.9345132034675369,0.8820034944670938,,0.8707209021345147,0.966769363695274,0.9728869127112564,0.9510763397943429
amos_0108,0.8971649344289057,,0.77136476426799,0.6205743509047994,0.718642547465989,0.6719745222929936,0.827517447657029,0.9620118117736711,0.941529155315481,0.8510278794705717,0.8980449756888168,,0.6125,0.960489550276257,0.8531288459717883,0.7852839888448904
amos_0078,0.9388028529771053,,0.9530945952388176,0.7644148893033818,0.899311075781664,0.9366040783363618,0.7480785653287788,0.9473927037447959,0.9664591648999871,0.8593771754768645,0.8357403906742281,,0.75,0.9398685663439789,0.8994039466831273,0.9543755217596458
amos_0391,0.9429834254143646,,0.937888682264412,0.8035435600844579,0.9038601602330663,0.8857559552746719,0.7011156782149148,0.9648326557888288,0.9778069847239144,0.905761269549218,0.9147655156702574,,0.7724784988272088,0.963010688738002,0.9672307922719784,0.9565263080463635
amos_0385,0.9292542670866604,,0.9077655194539006,0.8132748426473393,0.8450654089169707,0.9380957850005742,0.8898534997287032,0.9529897308339007,0.9742875906573011,0.821825251382404,0.814281466377809,,0.8107960741548528,0.9506220574521801,0.9669741963384748,0.9194424841213832
amos_0356,0.9200386753686246,,0.801958517901629,0.4709924550203134,0.6299144373443084,,0.5570145127850725,0.8848969100966643,0.9650046735528289,0.7718918918918919,0.6653918940230248,,0.2872340425531915,0.8729977278179997,0.9641180069443893,0.7263417125347558
amos_0583,0.8844228964654364,,,0.3868100358422939,0.3092155369383092,0.6571046089118379,0.0,0.9198375274289182,0.9665657493833728,0.8229251148959178,0.837775065937094,,0.4574780058651026,0.9450925602514845,0.9721385542168675,0.7224119230305709
amos_0034,0.9281848016025231,,0.22390268874643873,0.48190205819730303,0.6537647414575144,0.77280961006769,0.5572672471533825,0.9559073391073722,0.9513111601371299,0.7903892023968817,0.820856139738753,,0.5723172628304821,0.9587760824072005,0.5570725781297027,0.6647907580234176
amos_0333,0.9339520182430263,,0.7473611626796797,0.5393050193050193,0.8635181975736569,0.7159000935723026,0.3442221314822376,0.9216210602835038,0.9731391788442185,0.8274575478087404,0.828133838365757,,0.7638587492602091,0.9230968493993459,0.9653610052590914,0.9069663271466687
amos_0207,0.9273473614939398,,0.8210750913690141,0.645911782904623,0.8609122716913299,0.9068240379020863,0.7373771602846493,0.9447954709753739,0.9691505691348682,0.8663361480913444,0.7248905125393101,,0.7348329925017042,0.9372839175238891,0.9622994544894048,0.9247352146404993
amos_0518,0.0,,0.0,0.0,0.0,0.0,0.0,0.0,0.0,0.0,0.0,,0.0,0.0,0.0,0.0
amos_0181,0.9118612919979225,,0.5994643654218123,0.4052863436123348,0.5681482003240121,0.825567136725935,0.455026455026455,0.9493060257278266,0.949328820511671,0.7304060931522235,0.7845007814561471,,0.6308068459657702,0.960772207749183,0.8821833068000909,
amos_0595,0.779098110907983,,,0.02644411102775694,0.0743345052737318,,0.5840286054827175,0.930526220163067,0.5679107073767854,0.5932539682539683,0.531686576230006,,0.5209471766848816,0.7912664222834667,0.9217786432976306,0.6326165174462388
amos_0086,0.9323621777109229,,0.7927426488037451,0.7421018374805988,0.8453014184397163,0.9225868388898586,0.8346938775510204,0.9579701257172895,0.9696384134456048,0.8486364097191714,0.8642622005430474,,0.7763599731363331,0.9627891384512236,0.9545767377838954,0.950806858706095
amos_0395,0.9051072936549251,,0.8639321013716129,0.7068473766831016,0.7635371179039301,0.8066457117198024,0.7050659264399722,0.9159261430632316,0.9449545505126904,0.7860997097921043,0.7195104992351551,,0.7132766325500937,0.9055151565169813,0.9121409905502644,0.8325922647654743
amos_0549,0.8436943038425893,,,0.7190198004446052,0.7298457624423597,0.00046387568131740694,0.7267112712300566,0.9551785764942838,0.9207526833727594,0.8781757746216964,0.82798979642875,,0.7036516853932584,0.9409589547639591,0.9742691512323008,0.8578019443071346
amos_0157,0.8970415251792174,,0.7919366450683946,0.8340998768503858,0.7873325213154689,0.8888393354889063,0.6850351161534306,0.9687288191906439,0.971059630575321,0.8170291722502835,0.8931112504429845,,0.7645951035781544,0.9634485729922333,0.964354527938343,0.9558654963112263
amos_0197,0.916455619417358,,0.7388135509640514,0.7599688825315566,0.7389697154678333,0.8023884260461165,0.767590618336887,0.9720485348294859,0.9697585055768663,0.9037531603623064,0.7988484438725437,,0.7319461444308446,0.9698756181214617,0.9642726666473368,0.9524139305988395
amos_0238,0.939921103569941,,0.8211054047444363,0.8506122007694179,0.8491363393919501,0.8883993870585777,0.8166357222428519,0.9473750605667036,0.9679082829458784,0.9026752164892422,0.8104795737122558,,0.4642857142857143,0.9453275309207513,0.9652437624254769,0.9490466479805428
amos_0299,0.9208480279828455,,0.8466879096396467,0.8021184763556175,0.8206199930337862,0.8191515509020302,0.7547864506627393,0.9354510283038078,0.9734465415607593,0.834344759717894,0.7894582231734442,,0.7968384074941453,0.8838589166025711,0.9613349783567888,0.924697666588832
amos_0010,0.8939799331103679,,0.8457588827274595,0.5151946421096694,0.6750726949898356,0.8113524262066472,0.8073102900278109,0.9584959640339226,0.9531714357861016,0.8602925977814014,0.7614414610283726,,0.7798561151079136,0.9544593430926314,0.9313365136466724,
amos_0038,0.8889712591240876,,0.9064153306412119,0.7786031853227531,0.48136815648562997,0.9000841987089532,0.87017310252996,0.9607916452900409,0.9773859147674624,0.8630334097756194,0.9090270089795631,,0.8181208053691276,0.9434580229443125,0.9521074330544771,0.8964415239326368
amos_0575,0.8395331623431395,,,0.694781233526621,0.7537346029527388,0.907572872418339,0.8031942297784647,0.9664353610562394,0.9746127976497269,0.8711572351674173,0.7474977404345061,,0.7160091294424519,0.9612487181509821,0.9721418659081338,0.9299705863946429
amos_0257,0.9380266404562255,,0.9491023920206526,0.7370959961408586,0.9177350427350427,0.8696294568218049,0.808944099378882,0.8975518613154492,0.9561502304020421,0.86158524832416,0.7559300064808814,,0.7891566265060241,0.9625199260345597,0.9548490545957643,0.9463302550248859
amos_0019,0.9094898228918847,,0.9349985861061363,0.7037023002008412,0.8209121245828699,0.8483691592663292,0.6694915254237288,0.949147638222458,0.9559153919180724,0.7348428523149713,0.8682953737171392,,0.6722846441947565,0.9498444474502908,0.9130720080054463,0.8593407893958223
amos_0311,0.9302902348717444,,0.4315481510612182,0.7709678570154472,0.8077845415974912,0.0,0.8574852093162585,0.9630591831871625,0.9702216300551937,0.8907025589220695,0.8474850616443537,,0.6308802980903586,0.9623998552658977,0.96486042975093,
amos_0376,0.8936086948787734,,0.8926602039531664,0.5746161425404385,,0.4697459045099031,0.7693346842283012,0.8913686492415982,0.9627433076595662,0.733028263795424,0.6942484557309541,,0.7321830457614403,0.7799729620757536,0.9303494665885949,0.9305111990017132
amos_0217,0.9321876961494715,,0.8447168749449074,0.8106122207602123,0.8293605657484793,0.5066815144766147,0.8208055819854108,0.9582522382249903,0.9731115971374442,0.8607756933361438,0.8433468321936755,,0.7875270285649255,0.9556870005631605,0.9644530797055338,0.9532083874559287
amos_0219,0.9492297322735195,,0.9170487758212323,0.8265449581287312,0.8927141713370697,0.914755151371727,0.8303611234953188,0.9409415649243447,0.973437185650192,0.8763692958477164,0.5946487337244241,,0.7604859704946485,0.9394119856707009,0.9609037179053938,0.9615381033752229
amos_0365,0.9296810766368082,,0.8356572144759518,0.7586231169928199,0.8914043806368489,0.88846126434324,0.8499308437067773,0.9604708109554088,0.9643275539742325,0.8403798727399071,0.8280866437140079,,0.7884955752212389,0.9496129577831263,0.9562490332972431,0.9280983015577602
amos_0399,0.9359506545072351,,0.7599244542912141,0.7914054155933907,0.8691134098531009,0.9371747211895911,0.7762514551804424,0.9586576289660576,0.9702415275120736,0.8774959406679247,0.7866675918858279,,0.737218251786696,0.9598096151455414,0.9590973504530425,0.8910250730929388
amos_0585,0.9478837174273234,,,0.4185751370060571,0.7326355851569933,,0.6438152011922503,0.9529767244228318,0.9269162614778294,0.678742505472195,0.7986622073578595,,0.6970889063729347,0.9427802336206258,0.9666101345106379,0.6642393380012731
amos_0054,0.8972862446151708,,0.8283873779399948,0.7204401024376363,0.7732099101551865,0.214214463840399,0.6604774535809018,0.9283105237580147,0.9571124512780395,0.6194307071719957,0.7114584602530852,,0.6869488536155203,0.937758847718462,0.8851844381429232,0.8649403254972875
amos_0116,0.9067376235997503,,0.39697432540548405,0.5782151340346114,0.7652889076339098,0.86225614927905,0.570926143024619,0.9699289904291448,0.9562308600138889,0.7558684282279454,0.7140928725701944,,0.3773006134969325,0.9734894404389715,0.9222771169372191,0.8978910680529301
amos_0125,0.894770126775892,,0.4807065463837778,0.03981611922592126,0.633498397902709,0.7909026906241391,0.5570824524312896,0.8370101070056553,0.9235823306936267,0.3415177817555473,0.6514278078949378,,0.096579476861167,0.8353850781955063,0.9454551476859634,0.7323349483678363
amos_0005,0.9000783671394582,,0.5867272727272728,0.38826416173659095,0.6258258258258258,0.7724646912820964,0.0,0.10853331795962581,0.9216638742297038,0.5570231501207215,0.6097624190064794,,0.4267425320056899,0.8144470574572482,0.10769135657855348,0.7753828635970239
amos_0244,0.930896118091481,,0.6708106286163699,0.7290722882559617,0.8318661778587579,0.9502274641954507,0.8125502815768303,0.9613967546098302,0.9740270060783447,0.897780448280257,0.9066794437874648,,0.8017463782496527,0.9598311648830006,0.9690350109745054,0.9626792720650267
amos_0276,0.9354859859039502,,0.5402297827654027,0.8538390379278445,0.7946496638713701,0.8638665258096244,0.8352969463813417,0.9563510913711613,0.975667644655454,0.891647729537934,0.9067478216045283,,0.8252165270481329,0.9525847719598611,0.9698473766723082,0.951812748926168
amos_0056,0.9098751760250469,,0.9336906664313435,,0.6460247070003168,,0.6902479338842975,0.9253014744970762,0.9623429498476147,0.4718257668124985,0.6099514959943321,,0.614421572168051,0.9305065433587398,0.9112055349631197,0.93558471549098
amos_0387,0.8754541220307406,,0.9034506633731919,0.8105156924705921,0.8046395821946924,0.9189134605675048,0.7887711032587358,0.958868950516585,0.9635716230443162,0.9012268309522545,0.6613009198423128,,0.7970071567989591,0.9612448389180687,0.9659872193535504,0.9549725882923029
amos_0059,0.9341541668702464,,0.7847046735719642,0.8154655039753783,0.8230385907984703,0.8361965204070467,0.8149435273675065,0.9443891371287014,0.961021244982556,0.8835937025104856,0.7914246947082768,,0.8164082041020511,0.9531389566585343,0.9548741022340387,0.940423778154295
amos_0040,0.8959343735277,,0.23082948267070394,0.7978136042402827,0.808284789644013,0.6782225023636936,0.805630752571738,0.9396085484817827,0.9606568447774005,0.835957881502436,0.7268754163890739,,0.645,0.9288727458102338,0.9440505605208555,0.9489820533409997
amos_0555,0.8914331896551724,,,0.8095553105475928,0.821444395214887,0.8741232927279439,0.7012278308321964,0.9205025656504678,0.9553508180131557,0.709267879813796,0.814721305107788,,0.5416178194607268,0.9247352212123489,0.9236676751221783,0.8719760641096962
amos_0058,0.8656283955088736,,0.779277783050204,0.3043435694938485,0.7840678946860835,0.8621364927053755,0.0,0.7866730408561027,0.9560754718553871,0.35925124763672905,0.7382988470642132,,0.24253731343283583,0.63516878700562,0.9081584659913169,0.6945836502024713
amos_0190,0.9164559068219634,,0.8695928814507032,0.32624300296345077,0.8367661212704524,,0.6914986853637161,0.9565094242455454,0.9386858988058925,0.6816905046330675,0.8158595269786014,,0.591044776119403,0.9651684476710988,0.9161913033180032,0.0
amos_0007,0.8793752378804325,,0.7619760479041916,0.7450128450490525,0.77199820116924,0.7872969696969697,0.7853563474387528,0.9389618661998494,0.9625018005041411,0.8660154962083746,0.7662753211759611,,0.8024861878453039,0.9426433276096261,0.9394409706406063,0.9167983272464733
amos_0362,0.9013060560634119,,0.11210387025266348,0.7831476470499312,0.8458053995289002,0.42221836830760845,0.8671749598715891,0.9587104820574841,0.9575856811617613,0.8054704410648525,0.8138613861386138,,0.8578640776699029,0.9671949141155921,0.9630831407338559,0.9491211409937109
amos_0208,0.9079030620502936,,0.7062902590322255,0.5650401325009555,0.8629062530870295,0.5508550461921506,0.6813788659793815,0.9147839677834961,0.8864055491731404,0.7303955642488805,0.8464416981835615,,0.6797318205260443,0.9475437513959184,0.9458680173414974,0.9064250188522576
amos_0293,0.8645762749256996,,0.7819704526206832,0.8006431267381804,0.8246549602360694,0.22686857038812855,0.8036549086272843,0.9362123187849966,0.9312532510829895,0.870093769215003,0.8058395410565973,,0.5750305002033347,0.9490501102082078,0.9500937283235338,0.9440309150441324
amos_0103,0.8900695337695506,,0.9046258793434235,0.6015597755444948,0.6299033541785105,0.6630116959064327,0.7360063517268758,0.9219143203406728,0.9589639048296835,0.7074148072909109,0.7411879960813323,,0.7717353654312435,0.7241893627844019,0.906464338915353,0.9153711423493295
amos_0202,0.9278076114872753,,0.849436744822141,0.7297544260422616,0.8626327321759649,0.876127341401372,0.8229885057471265,0.9582610991331896,0.9712591351012061,0.9199818594104309,0.7798968401889819,,0.7335824879871863,0.9529275465644773,0.9647939312170659,0.9441814389989572
amos_0204,0.8060094723269192,,0.9411273238432755,0.7975480932306053,0.8815766923736076,0.9078316329708385,0.773030184241474,0.9505628364594303,0.9743871208624196,0.8685392115549485,0.8456359286753644,,0.8130513933622742,0.9436570058529018,0.9144635737718493,0.8960534046009054
amos_0179,0.8971738095777713,,0.9394621473934995,0.8047529706066291,0.8494181728150533,0.9511172580714873,0.8375607123583378,0.9679267635971998,0.9692800398896976,0.9160059248932648,0.8967841375166541,,0.7639691714836223,0.9655928384385848,0.9446500306730256,0.9641208996798736
amos_0079,0.9205215701340083,,0.20304029835553603,0.6852161332967499,0.7973311092577148,,0.6520239607914322,0.9369023992187959,0.9318808149334443,0.56746727266134,0.6469105825653477,,0.7122861586314152,0.9325564559445132,0.8609078271658835,0.5464010162107066
amos_0587,0.918355529820498,,,0.3937000098745927,0.6029173419773096,0.3942370661427636,0.2651685393258427,0.9539529992908322,0.932679076295581,0.7983303702558553,0.9374595544051031,,0.4947589098532495,0.8803569548278404,0.9454741970349578,0.6722289113959912
amos_0117,0.9312147550033013,,,0.4937814572055225,0.7822941051287507,0.8936466365084889,0.6223458038422649,0.9649743451255739,0.9663317319065606,0.5861468089740797,0.7226679642853101,,0.78133925737861,0.9618144384296099,0.9216466218099503,0.4538505780660004
amos_0584,0.865411786153776,,,0.6310587340809732,0.6171829339567504,0.649646796381212,0.0,0.9525173454206699,0.9028655392531514,0.526553744268976,0.5862233915331261,,0.0,0.7864791589459518,0.9335474546330497,0.7833080280888214
amos_0076,0.8872547403132729,,0.8935328185328185,0.5332268654067962,0.7727907440654299,0.8959056994168914,0.5356842989084802,0.9424630406650719,0.9556669262029837,0.7842096642096642,0.59415451549678,,0.7494539781591264,0.9359801600215457,0.939952918771656,0.8704880933734451
amos_0098,0.9256987048398091,,0.8726333907056799,0.714435179607495,0.8864931464654243,0.9014397824877959,0.8456167571761055,0.9547752355544983,0.9637135599370993,0.8487719735693804,0.8729060049335444,,0.7285451197053407,0.9538637495618809,0.9508090920538975,0.9403535565652323
amos_0545,0.8758236039958077,,,0.6116410670978173,0.817658037815467,0.6158353249556704,0.7000726216412491,0.9657639524245196,0.9662163365082408,0.8831844316674038,0.650352862571512,,0.6426461901949203,0.9683648813799666,0.9378566793670865,0.8782348349357233
amos_0352,0.9087450404913311,,0.6259384893713252,0.7916491129523007,0.8220621438554994,0.33525742842753653,0.8697885793321478,0.9718827013628971,0.9729084435906125,0.9031620553359684,0.8805209653766808,,0.7364864864864865,0.9695708225600841,0.9679411422008423,0.9615745884254115
amos_0153,0.9130466713178864,,,0.8279804137104028,0.8527436377758487,0.7364141806659891,0.6923497267759563,0.9649514857052234,0.9690840045069482,0.8954804688619494,0.9220546780616582,,0.8599388379204893,0.9648025832966388,0.9715412813588982,0.8879893995029369
amos_0384,0.8556527836617825,,0.9507418113291918,0.7851447754930759,0.7408029094978319,0.894175636253898,0.742752603433718,0.9387317342642137,0.9537617476213739,0.8559895590565861,0.7010476293336213,,0.6631474760805015,0.9211225935203857,0.9019103065587192,0.9124870410753226
amos_0581,0.9449951312077102,,,0.4738018257892735,0.7096496266513498,0.31959400915954944,0.1968040370058873,0.9589429407461595,0.9279131547013872,0.7780242818474882,0.7717986850344396,,0.49303996407723394,0.9212222280125767,0.9321893872790489,0.7856241561310912
amos_0021,0.8864540775720274,,0.8923971851468432,0.6529198660256557,0.6425958326705901,,0.6431962025316456,0.9466428268950265,0.9651111203316853,0.5529618768328446,0.8636351777934309,,0.6752037252619325,0.9529001254175411,0.9543129632034136,0.8546955338820871
amos_0036,0.9091967227983191,,0.8796488981377728,0.7114087925919267,0.7891561989922645,0.8456561922365989,0.8222543352601156,0.944547943122196,0.9556652507151999,0.8283389761988984,0.8565582445494955,,0.6804360298336202,0.963294736736395,0.9451917529529651,0.9172603901611536
amos_0400,0.891644204851752,,0.6842418039552313,0.695308564231738,0.5606557377049181,0.8263925143568531,0.7462131278235451,0.9272974669336107,0.9616421639986734,0.8275188944072555,0.8672813531734656,,0.7857948139797069,0.8732876105410531,0.9317161375984906,0.9279722891975414
amos_0175,0.9229551295306176,,0.7894029283689394,0.28014796547472254,0.5264449094451259,0.8654841834519157,0.5461365341335334,0.953388563657932,0.9438830635553208,0.7988888245847561,0.7237736302948901,,0.42518775274407855,0.9679647991080317,0.9093725133568262,0.0002588996763754045
amos_0113,0.9241603755968736,,0.34778521912818705,0.6766040181464679,0.8742813111256001,0.8883886004873398,0.4474218432805522,0.8959771278521164,0.9608423721065537,0.8349497180030437,0.7816779230435591,,0.5817452357071213,0.8643286749287428,0.9238846611908503,0.9292684229398884
amos_0022,0.9388680769795799,,0.6911881750994884,0.7179398548219841,0.8163265306122449,0.8364322717963134,0.7917440660474716,0.9527463673187496,0.9594188255884596,0.8394588799344681,0.8376394509323506,,0.7619791666666667,0.95107996569836,0.9426063470627954,0.9300365957412164
amos_0152,0.9399437771530795,,0.8412779576917978,0.49581054638502836,0.7239208633093526,0.0059200789343857915,0.7689922480620155,0.969295063708911,0.9466763811178469,0.7480800586025189,0.8962042466710418,,0.448062015503876,0.9680206852550398,0.9092315933575382,0.9212546507794471
amos_0173,0.8997330693489367,,0.8299645224535525,0.22265078140624553,0.8261677397053104,0.7849807445442876,0.3167053364269142,0.7782067093327885,0.7517669173648316,0.5546709478754063,0.741482016603702,,0.0,0.3541570570028545,0.3707228772570717,0.2066896336789616
amos_0409,0.9428721257289961,,0.9369784683835005,0.8507590038694315,0.9077580940745266,0.9211861379063951,0.8324066719618745,0.9434495573715789,0.9718277915029768,0.8890260880092005,0.8645414687614176,,0.7698293923974858,0.9418925842596512,0.9655810326519777,0.9458795034816834
amos_0286,0.946643434183431,,0.9348121855887928,0.8635393214812515,0.8964293634952317,0.9041656018400205,0.0890122682904988,0.9454817707256137,0.9736298988149001,0.8323779829715793,0.7912009972489684,,0.7624963028689736,0.9528801257916996,0.9633603043501272,0.965353589332519
amos_0374,0.9006112959947131,,0.9200081693784464,0.6641667694584926,0.7052545155993432,0.4521452145214521,0.4391691394658754,0.9313789290791344,0.9619599738306774,0.7902657371440331,0.6816806389205814,,0.6355475763016158,0.9332363208966188,0.9445666696804396,0.9295774647887324
amos_0594,0.5815188676621896,,,0.4693936826818347,0.020922900544568645,0.0,0.45522080066033843,0.9446051015564983,0.9471746881888652,0.7840590825656449,0.570271557884707,,0.2340934460213682,0.920762607888532,0.8083142089043341,0.8233661627250486
amos_0049,0.8863915989394701,,0.8071451185246745,0.28429457344014264,0.8222861097801203,0.4458546571136131,0.4422623723487824,0.761086978482675,0.9585403357093162,0.6020308431505674,0.6544527545777372,,0.6924593395761459,0.325189425188156,0.934825692481188,0.926639763941071
amos_0237,0.9104216482164822,,0.7725755723723063,0.8266775812062919,0.8296976226789987,0.5529757807121848,0.8695139415382024,0.9584171226363623,0.9746644981795719,0.8863134188833177,0.7939138657268117,,0.8422679416594224,0.9591643275263637,0.969267836194639,0.9471771564896967
amos_0016,0.899096008861257,,0.7809501208786319,0.577671896820833,0.7209737827715356,0.7663468259515791,0.5239159588734913,0.9266651810821422,0.9530079495627996,0.6930814762104991,0.5771312584573748,,0.3394178589047854,0.6859305993690852,0.9336598603435152,0.9069875938163848
amos_0085,0.8848008531552836,,0.9427885417497842,0.6439252336448598,0.7839300582847627,0.0006489292667099286,0.833409402099498,0.9623371513508787,0.9172591055822008,0.7684007707129095,0.7237953108431843,,0.610011641443539,0.9648419915368687,0.9072187568567219,0.8547170432834837
amos_0189,0.9232271867538991,,0.23562996682354756,0.5899210290645608,0.7799260733579756,0.8141445078657943,0.26861451460885954,0.9679040092127381,0.9497009486796951,0.8825810241848624,0.7508126231731975,,0.5673648823377295,0.9701347937836486,0.9326729196059316,0.8147412708398868
amos_0024,0.9332549369449739,,0.887574945065143,0.7414250230247551,0.8387524883875249,0.8372578587170861,0.5570422535211268,0.9501003877042371,0.9613756634772097,0.8395774699367667,0.853801856857445,,0.6792849631966351,0.9397543507145867,0.9476346555862389,0.9313740749649796
amos_0050,0.8435088842644469,,0.9015173437210166,0.5327518164718031,0.70354588342718,0.8637011361448104,0.6556730596881162,0.9194006050230987,0.9343881608045062,0.7629624691687221,0.3617878949552433,,0.4909213180901143,0.9244168240518605,0.9041844524550177,0.9079424621859032
amos_0072,0.882883536906296,,0.762122305041276,0.7173611752748775,0.6896408982717582,0.8554363827549948,0.5802888700084962,0.8694969350017732,0.9544787746731823,0.7134502923976608,0.8130174208949159,,0.5705361790733993,0.9223237279405785,0.9472628543220141,0.9345850900415074
amos_0334,0.9290612535966898,,0.5841720798534276,0.4459609499823977,0.8325250312891114,0.9284845080969765,0.7200145825738243,0.9663558931860037,0.9591353777842836,0.6924194217734126,0.859112420320649,,0.6919179734620025,0.965667607664124,0.9619235580264073,0.8481245123973676
amos_0174,0.9031039991550152,,0.8163855421686746,0.7551731202622414,0.8240818380010062,0.9341137906813393,0.8082846521508231,0.9693966693966694,0.9713891705271943,0.9031760566774303,0.9286349181266913,,0.8256880733944955,0.9699367943385014,0.9529850202724028,0.9345160808466143
amos_0143,0.9009871742908764,,,0.6654719235364397,0.7416777021781816,0.0,0.8054868450640882,0.9695978696317407,0.9456638075178714,0.865019523360711,0.8338069016872097,,0.7761194029850746,0.9686189565395777,0.9375586291534127,0.9186936410783535
amos_0140,0.8787392658299519,,0.5881783342198219,0.23923135925073674,0.7231899836690255,0.5550183002585541,0.6503428011753183,0.8932560880796528,0.9311421545655115,0.7818565660292279,0.6973783601405996,,0.7490785370002835,0.8083663333843831,0.9194944112815993,0.8408442392051643
amos_0401,0.9196881449975349,,0.7129565657961402,0.7847944189706573,0.9048201365535514,0.9109395180126955,0.837730870712401,0.9590400180844317,0.9742770531344112,0.8641253263707572,0.8183694530443757,,0.821032775288847,0.9511346564402625,0.9638051804511016,0.9464442556108568
amos_0591,0.8377003998291992,,,0.6996785445591956,0.8427835051546392,0.886954740937948,0.6968174204355109,0.9462322526383243,0.556918752808726,0.6692478357332405,0.5521578173335362,,0.5134649910233393,0.8549860083732835,0.9524306933795725,0.7310688606736001
amos_0289,0.9248824631482202,,0.8308669723395966,0.7571723157620773,0.8840673575129534,0.8845443050286937,0.7320277953253317,0.964912992951135,0.9708931179926267,0.8453673333497743,0.8985113697462105,,0.7455027192860131,0.9627199555320621,0.947637036239614,0.9373977038751772
amos_0121,0.8949796123674268,,0.8498505704500338,0.6540392769471101,0.8165221360109539,0.8960844873966325,0.6823821339950372,0.7615353480841878,0.9581499818651378,0.8187134502923976,0.7365045069376456,,0.7092511013215859,0.9728982888723563,0.9708465146721937,0.9505897520776347
amos_0133,0.8179506464668171,,0.6635958107059736,0.468632537455662,0.61698956780924,0.8923676518350113,0.14151747655583974,0.7991183673469388,0.949174179684351,0.6574645378792697,0.572498887295386,,0.21066491112574062,0.6724761646233706,0.9364258737224768,0.9021722970182539
amos_0043,0.9374582684175384,,0.6375662554006503,0.774970699309806,0.9163540885221305,0.8600817246723967,0.8517298187808896,0.9099738616040721,0.9673312253512066,0.828586994205339,0.8181003262935207,,0.7860199714693296,0.9524725907655612,0.9551081741031027,0.9521297312608434
amos_0279,0.8697823150190667,,0.8678734178321297,0.6678341602023993,0.8378147120595327,,0.7975992848933725,0.9505295304176761,0.9664956093655407,0.8163133193073313,0.7578000846489862,,0.7336467213767828,0.9293238425291082,0.9579250440172952,0.9234028861992939
amos_0274,0.912814318389642,,0.9484834423538452,0.829519911430201,0.821430496415674,0.6980458474257798,0.751331651247547,0.9624355674366593,0.9711258254282892,0.922212082496806,0.8544585443578216,,0.8197860962566845,0.9406454696546704,0.9691519153301672,0.9386188741744148
amos_0570,0.8929633760922104,,,0.13060360042357924,0.6834704165561157,,0.6338134950720242,0.9271856982267832,0.48256813288757416,0.1863996662494785,0.7069417531061211,,0.38404452690166974,0.000894741672019822,0.9245752782659636,0.9156179573602441
amos_0561,0.8742786236237222,,,0.20937711577522003,0.6041426927502876,0.348469461772813,0.6827643630308077,0.9205600793067563,0.843841725703825,0.6864718096150775,0.6196209212317765,,0.0,0.9026087249037076,0.7739915777677971,0.7113345733550337
amos_0035,0.8813695466639891,,0.858933772318602,0.6644515206054733,0.8279534109816972,0.8607061599393275,0.6788475052705552,0.9441082348468046,0.94711236573693,0.7555133481059407,0.6685782165239831,,0.5875706214689266,0.9138005640191588,0.9503923483649345,0.9154068832422001
amos_0302,0.9524720130672085,,0.5297784453623733,0.7122899805005743,0.7949493620939103,0.8896905259160812,0.7531760435571688,0.9692122085735774,0.9679715935186602,0.8859062607809959,0.8650753865730922,,0.8100450740502254,0.9673054802799602,0.9589756071177457,0.9380196231309006
amos_0351,0.9331113225499524,,0.8591142857142857,0.7517086806088187,0.8781413774604878,0.9071031967670927,0.6997009323872633,0.6673977273152089,0.9632403000921395,0.8676452524259919,0.8070900152355224,,0.7640493440375955,0.842762650343371,0.9620877332694294,0.9318844731851731
amos_0403,0.9522662151601979,,0.8477111832881985,0.8527233479230522,0.8025505716798593,0.9578390808320446,0.8571817192600653,0.9637260578548764,0.9749176529341994,0.8949043426332539,0.8728389685892834,,0.8056900726392252,0.9486963031393849,0.9665723880405711,0.9279037447408
amos_0230,0.9234416399386417,,0.40754286183041205,0.7625190548780488,0.8431406584505005,0.7633262260127932,0.7423687423687424,0.9535837042304752,0.9697607713253691,0.8364436949597152,0.870856475833728,,0.7691085963867381,0.9446208387712566,0.9567514165532179,0.9515295237308699
amos_0156,0.9218617907780006,,0.7226265641143382,0.1421862925756405,0.7823111345090813,,0.0,0.7475032842230164,0.8999641011399582,0.25629943733181115,0.5241562485689426,,0.0,0.7614423785116265,0.718687356151162,0.679679225298835
amos_0008,0.9063416738567731,,0.8882479370134859,0.6635370730396574,0.750134451973755,0.7547189272821042,0.7160551530731479,0.9261042790814406,0.9611596178200934,0.8642616682598395,0.8045056823896208,,0.7141742522756827,0.9295525261728352,0.9352906851755167,0.9012267059927604
amos_0308,0.9548337620424662,,0.9228746984473907,0.6544087736140717,0.8021355767675133,0.7757419354838709,0.7774716865625957,0.9624536683360213,0.9811868358736799,0.8643900513225424,0.8598187008564131,,0.865063788027478,0.9639374709797245,0.966068614552762,0.8779029385574354
amos_0597,0.7607760776077608,,,0.5018948146778816,0.39957416607523066,0.8247007495245553,0.6285714285714286,0.9203087541821439,0.9671985895592011,0.7116726658341291,0.8737864077669902,,0.2791044776119403,0.9528077982623437,0.9483733399396583,0.7950681079848776
amos_0188,0.9125988012002252,,0.8524225444957152,0.7353237168735324,0.8607813292744799,0.9260834249128004,0.6776447105788423,0.9674731491036961,0.9658888204788755,0.8806697948293312,0.8767708377384024,,0.7890137328339576,0.9643948206694861,0.9378798331198055,0.9395006537050314
amos_0379,0.9360632273321302,,0.7770965290093742,0.8678321678321679,0.8755968169761273,0.7954814612371321,0.7482014388489209,0.9605220329525551,0.9734637356385558,0.888004339433002,0.9031519552297481,,0.7997881355932204,0.9525906623653225,0.951197272267622,0.9532880726030442
amos_0136,0.9081478362394013,,0.6276926432895239,0.8209417596034696,0.8115699969632554,0.8521836506159015,0.7528662420382166,0.9659667344020472,0.9768823761880798,0.8775620661254265,0.8853885251156188,,0.7583212735166426,0.9564048346255254,0.9684782334702932,0.9552364228546922
amos_0137,0.9187335965762655,,0.8272862747483349,0.7083155042076736,0.786302729528536,0.9206262015929689,0.7881996974281392,0.9573953488372093,0.9587664954370426,0.8489457081188776,0.8575118923857228,,0.8108108108108109,0.9684138014871244,0.9558868642247991,0.9566724436741768
amos_0596,0.0,,0.22814405128527435,0.13172671406193517,0.0,0.0,0.0,0.00018686567861439098,0.7690715459392482,0.0,0.15940851478713033,,0.0,0.10759067938391487,0.28742589239203237,0.3502733549349976
amos_0571,0.926997531892117,,,0.6239746329358241,0.5879938429964084,0.8729477140692093,0.6590909090909091,0.9277289099819129,0.9180340113056537,0.738622473634839,0.8386180017051683,,0.19286403085824494,0.9376617664473128,0.8683405058338894,0.7986180538857743
amos_0060,0.8897765326446191,,0.9320068784352614,0.6965219427174111,0.8259525281834181,0.8811129370431234,0.7873005428524429,0.9414283115926145,0.9696048451682454,0.8003998076874415,0.8060530977549816,,0.7876699215010531,0.9393558422740493,0.9627541221660109,0.9319431567039286
amos_0150,0.929871087849942,,0.9401616712209531,0.4706549664675853,0.7547003525264395,,0.7821339950372208,0.9372088288482496,0.9551125950088627,0.5368059031534077,0.7649715598168729,,0.8574697613599216,0.9456722646195017,0.9459475670134572,0.9051942070518397
amos_0554,0.6852803121299633,,,0.6924970103768854,0.557221123116725,0.4619715594119065,0.746750597423792,0.9277724807512893,0.9409979295617392,0.8481533173850964,0.7353495702857823,,0.18876080691642652,0.9124153965383622,0.9276594978421498,0.8092379173689245
amos_0282,0.9406013485002199,,0.7060129016985264,0.8492383696994648,0.8831938420184495,0.9191173192659187,0.7759937991363083,0.9532179428517332,0.9656312589658528,0.883608834954209,0.8427043610402271,,0.7221221549042083,0.9554233858605677,0.9685783399687548,0.9065250660678782
amos_0083,0.8572520751419834,,0.859899482180932,0.8132647889363551,0.7750702905342081,0.5384702807137175,0.7697318967677274,0.9452027738764045,0.9492739832724805,0.8752548500325787,0.8350750646359746,,0.3287520615722925,0.9479821708227925,0.8902789703856062,0.9189060197962275
amos_0377,0.9348518095002627,,0.8972914358454539,0.7270456277088719,0.8821924925314976,0.855413584398117,0.8413857026995714,0.9205713780435849,0.9567055281340996,0.8413976012824494,0.7394041936068645,,0.7710904054394359,0.9418587571479945,0.9470321373347511,0.9417734832051535
amos_0094,0.9081169985775249,,0.8682470619203196,0.7387261273872613,0.8214496169711255,0.8524470416362309,0.27102803738317754,0.9284216344512543,0.9652123575746071,0.8008038620328098,0.7619414681774969,,0.6112115732368897,0.913740602010294,0.9531120055886364,0.9277723622522397
amos_0044,0.899433385447267,,,0.3162064862096495,0.742963844173054,0.854291918666212,0.533135509396637,0.9508647745027035,0.9626885422329111,0.5620136186770428,0.7460387412111136,,0.69869261173609,0.9498968536694123,0.9295670816156721,0.45396187775677377
amos_0263,0.9213625443910591,,0.7544294950200944,0.859955374721092,0.8565253190613421,0.9443390259329538,0.5572842998585573,0.0,0.9837332834446719,0.9096027983278285,0.9120629635235357,,0.8594748048261178,0.972072994203829,0.978126135745966,0.9698064125831821
amos_0388,0.9432167657004494,,0.8375889586169495,0.4743625605164067,0.8213783403656821,0.8447313507057244,0.16301422529796233,0.8914860639508319,0.9468823876426703,0.4375790499492007,0.5751467593147238,,0.7643711987443594,0.8904093880203356,0.9503544040096831,0.8786386433551859
amos_0318,0.9322605761744096,,0.8032346513014107,0.8249360027226588,0.8390305518275835,0.852311377245509,0.8805184285135682,0.975436492677872,0.9760381791064068,0.8607876533768988,0.8331142272860065,,0.7920298879202988,0.9736687562311359,0.9635019083969466,0.6906061873079405
amos_0522,0.39741109953875914,,,0.006671977693686517,0.013810420590081607,0.0,0.0,0.12876108036123018,0.3555948300485576,0.3702166615807141,0.20658445525511937,,0.0,0.0027988990996874563,0.02452719501634215,0.5806672603959718
amos_0102,0.9431949783465525,,0.9022093229876207,0.7323807994862739,0.7452126882034791,0.9078678361801754,0.8536351429119509,0.9576253650012646,0.9746173462149402,0.8490498386518466,0.8666369064226327,,0.7388735722725482,0.9589590003098213,0.9689766773111326,0.9110724872322948
amos_0568,0.9058327365321874,,,0.526078757001717,0.6930387875674288,0.760624564567026,0.6033323589593687,0.9567857200323959,0.9297077252557777,0.7813442648310001,0.8642333626502492,,0.5848787446504993,0.9137337964924171,0.9261641141240691,0.750900193291055
amos_0134,0.9282486829030504,,,0.8009140361165599,0.7227406827623578,0.8887134964483031,0.854537559704733,0.966131907308378,0.9579900726590471,0.8483698296836983,0.9055809658785887,,0.6470294558162756,0.9641313098184203,0.9672486827151565,0.942210045118156
amos_0370,0.9014395120648513,,0.9303318135462468,0.5434555783127875,0.8187692613579879,0.0,0.6251268520397808,0.8709277731192351,0.9397287979990804,0.6935631516667039,0.6107019458083288,,0.7176272003858211,0.8742617690674135,0.5309302325581395,0.8660092497491644
amos_0200,0.9209028499675789,,0.9345321939462234,0.8882910944357921,0.8492995791192914,0.9219822743727375,0.8565672844480258,0.9692679002413516,0.9684209308915116,0.8797296304459629,0.9237983111399806,,0.8516336368505624,0.9639294750367593,0.940527800715662,0.8684779367918902
amos_0353,0.9351710011080748,,0.649786149152259,0.8331292273489459,0.9041976735784987,0.9249557431305642,0.8622254231184732,0.9640922279563224,0.9820166404011843,0.8874100992632667,0.9058176541398018,,0.82888187872415,0.9652211340501275,0.9671164667968837,0.9517869692289321
amos_0339,0.7978088233569107,,0.22414227220918273,0.6428074302798608,0.8656827176781002,0.8574258651643657,0.7498933901918976,0.9268117500497093,0.9691344848714674,0.8429941261293555,0.5631534248982341,,0.751402844838836,0.880737563975482,0.9615537895673679,0.9530501129208411
amos_0242,0.9142516698186429,,0.69462161538377,0.7668453954683601,0.8358834442868056,0.4693832108661768,0.7520358306188925,0.9537230209005045,0.797976445153117,0.8708433290274958,0.8267169529366767,,0.8478165938864629,0.9602846727998612,0.9627646192785686,0.8865315231632673
amos_0297,0.9148091007430263,,0.9307550830612166,0.7908528864059591,0.8481009893637932,0.9033219959931044,0.7775653282345443,0.9687775313193164,0.9746684054259447,0.8678775852858124,0.9118277968814708,,0.7887563884156729,0.9650238377580407,0.9647049036709292,0.9615424679487179
amos_0321,0.9318056959959234,,0.8966580471595551,0.7509490483691863,0.850301420682096,0.9238019801980198,0.8033226837060703,0.9565645714884586,0.9723936915644511,0.865919461303327,0.8675528338719999,,0.7322970639032815,0.9517167381974249,0.9549452824834928,0.9286542692906615
amos_0142,0.9364239551917277,,0.6883964156068337,0.8018942080944803,0.921526620645878,0.9177804295942721,0.29955947136563876,,0.9596306981698078,0.8108708657379711,0.9060256009990634,,0.7680644397062307,0.9361774396250128,0.9441674019916804,0.9547912526403329
amos_0011,0.9182584409755125,,0.876843467011643,0.5163129873079155,0.8189936832934002,0.7945381939971661,0.7879499217527387,0.9525542820941082,0.9672765262814235,0.7748161764705882,0.8987768126218756,,0.696319018404908,0.9558312128922816,0.9427409146214067,0.9073664738434526
amos_0530,0.9421456538762725,,,0.584775305824935,0.6654594839293798,0.6961116156195822,0.23229461756373937,0.9144669838884715,0.8713694493816431,0.6632059147396571,0.29939361028147343,,0.6087844739530133,0.9209962233336736,0.9287131886148194,0.7590285905366996
amos_0551,0.919710665640119,,,0.5268429383222191,0.8347855227882037,0.01752779594506213,0.45321931589537223,0.9508846633874165,0.9132140091091895,0.8306327340649078,0.7079582712369598,,0.4747834946510443,0.9474275496304341,0.9251917987650031,0.6761073604478841
amos_0390,0.908234314197587,,0.8589707808239765,0.792033856111526,0.8362882322446864,0.9302709218958188,0.604301809491294,0.9365475047818972,0.9558881677025757,0.7734259844177722,0.7450908163554447,,0.48911465892597966,0.9323871100314837,0.9558680132774884,0.917732432233654
amos_0118,0.9408523487843601,,0.9311774998379885,0.8389572497780033,0.6484375,0.9389000261483483,0.8227694792087202,0.9572537844126644,0.9654834544843565,0.8770040867651682,0.663590998964316,,0.7819453273998729,0.8991171403962102,0.9637245182056471,0.951222123104371
amos_0381,0.9392532694419486,,0.7526088831392842,0.7675333693387856,0.7262931034482759,0.9276232170597373,0.8546637744034707,0.9577467947100803,0.9751443680823235,0.8225957049486461,0.877783980442357,,0.8299894403379092,0.9501772652854501,0.9454119123006153,0.9608674987237489
amos_0592,0.7712465804316255,,,0.8118394744358755,0.45866296273929585,0.0,0.5915148822745446,0.9077467041035038,0.9297827660581054,0.7277431860902256,0.5868708656888122,,0.14252969368618462,0.8886008371923723,0.8817472872089474,0.87805705635163
amos_0372,0.8992402443135933,,0.9225741495700398,0.8554252856396087,0.835959325064253,0.9278919634099049,0.823294176455886,0.9567616706943258,0.9743178566764041,0.8425343798393181,0.7998384666759859,,0.616282462795448,0.95356362130565,0.9448670000420221,0.9206525494841798
amos_0027,0.8967055160516683,,0.8670035532932512,0.7634993499084565,0.4691978878551672,0.8198933507454566,0.8028985507246377,0.9561108972912713,0.9725517963608669,0.8068685573893073,0.8738527313706811,,0.8094555873925502,0.9609270451905119,0.9387602128775954,0.9122276205161027
amos_0112,0.9439385610605228,,0.8866547891745143,0.7208502559793349,0.875546880258464,0.9170372429127293,0.8797266514806378,0.93162610284419,0.9652638877158071,0.7649925630557929,0.7721093054486744,,0.8103552077062011,,0.9491147989800788,0.8714517814825163
amos_0336,0.911565404752735,,0.9396753891294626,0.7465180338044927,0.827021494370522,0.899077906048065,0.801513479426139,0.9599955340656321,0.972784414420573,0.8743957703927493,0.8459320021155784,,0.7441777140809746,0.9554603895419577,0.9605424223219634,0.9640547723635962
amos_0283,0.9332433290978399,,0.33372611554853093,0.8496428884623255,0.8341091044498231,0.8835493330810709,0.8242692046227057,0.9693103969666306,0.9772778379482322,0.9231656437385619,0.9083039174796294,,0.771768043979429,0.9690272612983791,0.968062217597701,0.9498283320401346
amos_0541,0.8394353265235854,,,0.5146032566554666,0.0,0.0,0.6552901023890785,0.7685555531533089,0.9172629562485293,0.5016545334215751,0.6706058339566193,,0.1,0.19335649920490017,,0.0
amos_0410,0.9121961048616274,,0.9502030768786529,0.7703370204220448,0.8610882594899518,0.921884326243814,0.663321310961267,0.9476678774631135,0.968202893410018,0.7162058062661685,0.8552546570474857,,0.8811484531493434,0.9436588435625972,0.9451569355383058,0.9049853969978945
amos_0346,0.941066066066066,,0.8942976814748854,0.8276757913236165,0.8732855165471247,0.8553064537357961,0.2233152975897688,0.9643793935578638,0.9446161106867937,0.6167864646688046,0.9169724937320591,,0.7654798761609907,0.9590185576342788,0.9541980428845097,0.8638316485225506
amos_0052,0.8723010684101419,,0.06582238050369708,0.733054111303678,0.7779254477564711,0.4736236773500997,0.32439382806759737,0.9354723050288372,0.8624365689039378,0.7945205479452054,0.5911763202290271,,,0.9286248572890831,0.8109962130388769,0.7158965056624496
amos_0192,0.930958329425207,,0.5276844251005455,0.277747202348193,0.6570284963259454,0.792622882416757,0.0,0.7588753909258066,0.9032346219368943,0.5460235936120696,0.4722098710538017,,0.13758599124452783,0.9305579794069585,0.44652956298200513,0.0
amos_0278,0.9158193526520929,,0.946742304516134,0.7888223321854714,0.8985421226397596,0.9301940788640604,0.770227067792442,0.9625233072118707,0.9673933998169654,0.9103407800281492,0.872867112552825,,0.7950184501845018,0.963913162168795,0.9573932559471745,0.9569299211301981
amos_0538,0.9229671897289586,,,0.3010047821181022,0.43112062812276947,0.5932273214138585,0.0,0.9438011492251437,0.9319222408546053,0.7556223014830111,0.7686627778187993,,0.5184577522559475,0.947722283205269,0.9148112477102336,0.7970027247956403
amos_0268,0.9148471389673987,,0.9536447434709272,0.7826342927139615,0.7790811904073967,0.8944366197183099,0.7994416819331763,0.9624158910235745,0.9723307065528969,0.8818281433356389,0.8623983628709121,,0.7266574373173358,0.9630452936732016,0.9595908535861214,0.9383463040871841
amos_0214,0.9214381544458452,,0.9247202691309722,0.8325242454848554,0.8128735819135526,0.8757426817473006,0.8003169572107766,0.963998333376735,0.9762795783610608,0.8987071284723823,0.8666825752875483,,0.7750550660792952,0.9658975185304544,0.9667168761948902,0.9423062974849952
amos_0223,0.9350307555773174,,0.8872497365648051,0.7434940975117391,0.8383632660618404,0.8912959381044487,0.70939161252215,0.9687707856034291,0.9694682402521718,0.9159937888198758,0.8964263593030458,,0.6652601969057665,0.9682158913630089,0.9638087342937426,0.9488173119756136
amos_0559,0.763925870699755,,,0.6545880254208942,0.5057328788348311,0.7212435233160622,0.7868106878908471,0.9562828258295637,0.9715114284692101,0.8984236545098405,0.7564727954971857,,0.32854209445585214,0.9618290074926535,0.9721343742397771,0.8990049380877937
amos_0341,0.9189827491785323,,0.9195241726073997,0.3760621949014645,0.7596228165095069,0.909985935302391,0.6795454545454546,0.9569597250478994,0.9395386324569237,0.7011895784921747,0.9005517046258311,,0.5490353697749196,0.9628320357224639,0.9422603039589718,0.8722400376416084
amos_0064,0.8806215528213831,,0.7828412606848812,0.5869111280875987,0.7850530213768726,0.8228531614701271,0.6515837104072398,0.9295036427485718,0.9754128368234968,0.8036518661518661,0.816589202717197,,0.6876006441223832,0.9326895168737961,0.8941544885177453,0.9013063043383285
amos_0069,0.9155853570134107,,0.8378506679928567,0.7697325717253019,0.7760072158749248,0.9124218051831993,0.6509834168916313,0.9361987741249177,0.9545260085059265,0.7863262220729044,0.8024369848285748,,0.6680244399185336,0.9495184997465788,0.9517966477523996,0.9304710574044238
amos_0147,0.9619232707118693,,0.9219716208944233,0.8511281224818694,0.9042729380589599,0.9587335332751225,0.856559051900286,0.9191995799544951,0.9622782647185738,0.8515269839473337,0.8612688768546647,,0.8389982110912343,0.8780791551470771,0.937362685329337,0.9558002920236788
amos_0138,0.9199430072576695,,0.8831322519194135,0.5216037368625924,0.6914329037149356,0.8482160328745678,0.4189100459619173,0.9208255718649877,0.9654435320966419,0.7981564011731993,0.5601231217852659,,0.6396508728179551,0.8846417451583214,0.8359848264917068,0.7938908676449636
amos_0313,0.9451489306176677,,0.8211469688482916,0.5032998447534178,0.8157087126137841,,0.7127921279212792,0.9603202748815913,0.9602942940541405,0.8908816610919774,0.8634422094629707,,0.6021699819168174,0.9615994192294008,0.9655850217329621,0.952610975546441
amos_0212,0.8919031772342498,,0.5915196426628783,0.5643433812019771,0.8497482628053094,0.32433188750524694,0.24802867383512545,0.8546447415288658,0.9492024115672156,0.6058146217314561,0.6956647381444043,,0.5428907168037603,0.8411015557464877,0.9515549416896867,0.8874255101845521
amos_0397,0.8729741396224934,,0.6599128243546959,0.5459177384229773,0.7204771371769384,0.8385920947716141,0.5992217898832685,0.8925392704481683,0.9595511778103423,0.701001869517281,0.5833419129002368,,0.44011849344054166,0.8452826726456371,0.9448991944200257,0.8883991308409946
amos_0576,0.9386288695309809,,,0.27258639392530604,0.8428739693757361,0.0,0.7602977667493797,0.9422748301587963,0.6442026135221363,0.7223759153783564,0.2138353285205154,,0.7450980392156863,0.9354939978772069,0.961316886231562,0.7765200753647743
amos_0344,0.9186400658417125,,0.8830417492168724,0.8538964638066733,0.7925563351467669,0.8647815519592151,0.7713987473903967,0.9644918977653896,0.9649507698498204,0.8403104653688915,0.8309427015417657,,0.6715227193895248,0.9628993423025525,0.9647379189328906,0.8868336048148864
amos_0089,0.8700754895022411,,0.9449295946560735,0.8006249679831976,0.8371103777044371,0.9347059914672603,0.7370827617741198,0.9571553482949577,0.973469997155291,0.8873903589142172,0.8857517711886644,,0.7505022097227803,0.9603217627000088,0.9654651162790697,0.9517786408143105
amos_0363,0.9207818423514352,,0.557110349697905,0.5725027413712078,0.6242571582928147,0.798991910897931,0.6519097222222222,0.878538713981752,0.9552798812688611,0.7847808038047991,0.8125428879521616,,0.6550556361877117,0.748174922122084,0.9433151287325342,0.9012885268391128
amos_0088,0.9112747815527573,,0.4160925874896666,0.18241654913023037,0.7631507222676479,0.0,0.11629315566323441,0.9326046571909967,0.8972481912039671,0.2493397610563823,0.8683640411026972,,0.12690951821386603,0.939373556646712,0.7610744771228609,0.5685341144879775
amos_0402,0.9432736336521361,,0.6751095211677156,0.843757356980303,0.921694191663858,,0.8442663995993991,0.9569443310035821,0.9758125966918867,0.8868724202419025,0.8542202621585202,,0.8109682115991265,0.9498558906109196,0.9633745799991904,0.960216395938518
amos_0081,0.9120001386097443,,0.8104474617082469,0.7667688959240205,0.8249673303097855,0.8787746552626986,0.7280907668231612,0.9338418293386261,0.9643338960342357,0.8057772635459769,0.8699950001229478,,0.7339263024142313,0.9313034901214519,0.9204772052928398,0.9335654394058085
amos_0160,0.8658040665434381,,0.45455602195673234,0.20585579775570748,0.706959706959707,0.4057129024449286,0.48613678373382624,0.7873043384065428,0.9389828881829612,0.7403723742838956,0.7169621452037765,,0.40302267002518893,0.6603264417845485,0.7849215763806511,0.7657842284045928
amos_0067,0.8890917827967323,,0.7138028557632614,0.4933162850168546,0.5588618850029639,,0.7359721618094824,0.9434146728144693,0.9421619061735179,0.7393421614694575,0.4133142191559896,,0.6953966699314398,0.947926238278054,0.9183554503994787,0.830656491295112
amos_0128,0.9340446768480651,,0.9482359412702159,0.7783026259822248,0.8745141953757987,0.8507644820903022,0.854218009478673,0.9613466272159924,0.974103069333734,0.895678028707316,0.8523206751054853,,0.8101487314085739,0.9478819182897521,0.972600246813883,0.8457938745302437
amos_0047,0.8936048069195147,,0.9413316701291825,0.3085454120943264,0.7202458701498271,0.13772881497926528,0.6765661252900232,0.9404153825539328,0.9379626936825172,0.5176197917581163,0.7115324419800564,,0.709745022703458,0.9346102519821022,0.9311731561988082,0.9175044271897561
amos_0141,0.9544339365472121,,0.47119829323219153,0.7724406088482147,0.9041968162083936,0.7474635163307852,0.8491142333536957,0.9462888372340614,0.9557116920546785,0.8719864176570459,0.8937365324552696,,0.8229363579080026,0.9488771916537282,0.9323198994422186,0.8866915810235648
amos_0371,0.9172934907389956,,0.8942471900478032,0.6868771777593992,0.8073013897531632,0.6991203921305311,0.7333333333333333,0.9492927951196714,0.9645895209337066,0.8594058875166688,0.7396424637803948,,0.7163601161665053,0.9439284211962392,0.9628248240716593,0.9556487150071299
amos_0176,0.9081480944265149,,0.5273561595481822,0.8026425979343073,0.8425493716337522,0.8520642201834863,0.8012422360248447,0.9654360078525742,0.9466311789391293,0.8880365454232029,0.8898149775311928,,0.734375,0.9676884213701316,0.9515893220460285,0.9433214747736093
amos_0132,0.9068955006916603,,0.6658759255265617,0.5495546284812267,0.775991924838885,0.6785596299966964,0.6717724288840262,0.9455855237768535,0.9159544422498292,0.7060758938363676,0.6771349316425599,,0.6821885913853318,0.9537368234040033,0.909048067860509,0.8360623003194888
amos_0320,0.9207072491198277,,0.897025806242237,0.7996795357599117,0.8751755016306451,0.8215772500732923,0.84,0.7297733093047519,0.9757192571954912,0.8953432155074116,0.7345516755918702,,0.813499804916114,0.03137406927159223,0.9671663651102839,0.9390947053505087
amos_0588,0.6644807543683948,,,0.7551776950120088,0.306661916636979,0.7559300873907615,0.012153437143942271,0.9128335666709092,0.9433351527114305,0.7524336211636105,0.6296168747309514,,0.0865561694290976,0.8839402119521999,0.9516602470080956,0.8664578809921656
amos_0071,0.8837087604957066,,0.906486423394841,0.8274052833872247,0.7916777523546001,0.8269379165205191,0.8141689373297003,0.9531065137827707,0.96801076387444,0.8719859710653223,0.866531614009116,,0.7904461469130238,0.9542920597175641,0.9633056077273947,0.9528614406922895
amos_0580,0.8063484696114076,,,0.7122991347342398,0.6884364195159431,0.7254881486895688,0.5153294194390085,0.8629999442182184,0.9584722578892523,0.8195836856303096,0.776101860920666,,0.5566666666666666,0.9390715446038392,0.9536930023269073,0.8800358655659648
amos_0248,0.9130429969446043,,0.9248366268220891,0.7009944378897691,0.8983429826312638,0.9245192963316514,0.77788513150832,0.9641787295506641,0.9715659926909302,0.8417389889977113,0.9176916398364866,,0.7601021481147664,0.9617282589664944,0.9676582393048935,0.9366084579634502
amos_0218,0.9310631666508724,,0.7600366636113657,0.6820368885324779,0.9050432276657061,0.4398589525923991,0.7293252822263061,0.9156903502141598,0.9699814643277469,0.8499839757596946,0.8687503261153143,,0.7768987341772152,0.9444501048364177,0.9538411148630206,0.8214656108330471
amos_0332,0.9245240150861089,,0.9296795995629749,0.7931344426815066,0.889210233592881,0.8874557898121355,0.785294868521828,0.9551418110602673,0.970238367744203,0.881439696485623,0.8591131265653791,,0.8003150846790075,0.9545961028296156,0.9664269124709682,0.9557937077197868
amos_0287,0.9395448215341765,,0.9219413297248789,0.7151399774316617,0.8098746081504702,0.6435527853525517,0.7231414074564306,0.943801316716956,0.9692286345711832,0.8474364284612074,0.8822014244726976,,0.7656670113753878,0.9237450427492196,0.9544897914714663,0.9541189117228505
amos_0001,0.9269131556319863,,0.8273413133271517,0.44291038243165504,0.8233349404228941,0.6350201522615315,0.6680139628881132,0.9196140182913003,0.961572572924615,0.6969613668562729,0.7352857702755666,,0.4005235602094241,0.9184153252859582,0.9458189552645277,0.9217905897648562
amos_0045,0.8723847315691163,,0.8051540431155529,0.7376000627844922,0.7066621727895742,0.8352407932011331,0.6443370165745856,0.9450546118804527,0.9680810796612521,0.6349791509783868,0.6735884454267431,,0.6440329218106996,0.9334183472936738,0.9606861315357395,0.9233392015216819
amos_0172,0.8886294233878211,,0.8102412436901923,0.2945326278659612,0.483566834082298,,0.34081261370527594,0.9063969941950876,0.9633318392925396,0.7313914281888672,0.7468928074662359,,0.43420523138833,0.8957342454478604,0.8968329419849951,0.8953023723528061
amos_0288,0.9222502505269705,,0.9319334725864966,0.8875919224932882,0.8552664997641595,0.898812351543943,0.861003861003861,0.9680479325925461,0.9730504047391604,0.8955040719943476,0.9132254615956078,,0.7603725656223539,0.9657909501963761,0.9518215706543871,0.9523305851725234
amos_0126,0.9140805477469454,,0.5011483950478964,0.6839958699019102,0.7390339372906662,0.9297093242733107,0.3248,0.9424003140428487,0.9215157172709962,0.6127370639194568,0.5942011104256631,,0.4494949494949495,0.9329321174213555,0.9525438931614704,0.9005195456126636
amos_0170,0.9100497947648206,,0.7991316146540027,0.8480582694260601,0.8190219224283305,0.9217118367839682,0.8197395476353667,0.9655878928987195,0.9652673520710996,0.8657553909894627,0.856,,0.8705701078582434,0.9627550873557263,0.9665261453418577,0.9583126486034541
amos_0061,0.8663909881648367,,0.5495092643551642,0.8056946489936181,0.8752136752136752,0.9105259045088693,0.7503805175038052,0.9500761763261606,0.9507001119886401,0.8292367050697461,0.8629136005763393,,0.7166900420757363,0.9477020978522837,0.959345527751598,0.9404642232908595
amos_0348,0.917808428817224,,0.5993213609052339,0.8122528511662559,0.8417677813948901,0.9140236307213778,0.8004936240230358,0.9623323990606772,0.9760024280920058,0.8631292212395985,0.8456478050618602,,0.7826855123674912,0.956679198956495,0.9674229799598342,0.9452649365292038
amos_0239,0.9107039759172817,,0.8987714918405055,0.8295895641107223,0.8431872879635804,0.8861373456526566,0.800665004156276,0.9618631265902498,0.9730544869746368,0.9054497281988032,0.8871074892599318,,0.8123635141945238,0.9577209739719746,0.9576724232757673,0.9512465729952022
amos_0284,0.9356599466461377,,0.8521379139891251,0.8065506000038277,0.8677404123603168,0.9288991773800174,0.7632244848776961,0.9582134073690437,0.9744800699688018,0.8347477941980469,0.7454231929874982,,0.7685261303581914,0.9539658813775742,0.9569211306433035,0.9464764511481522
amos_0177,0.9116553771700111,,0.9517312941814602,0.7043356643356643,0.8052010134327645,0.9126320422535211,0.8613376835236541,0.9664416922725992,0.9634663643061055,0.831010926107757,0.9072962908759777,,0.7060185185185185,0.964165272235809,0.9697985135541521,0.9425280355688195
amos_0310,0.941051832642864,,0.942868792028775,0.826964948327149,0.7053577747894402,0.331930782734695,0.7647058823529411,0.966888156792674,0.918135873251257,0.8680016269236954,0.8302203176673343,,0.777203602539495,0.9681360618672504,0.9621726277940084,0.9655532835592999
amos_0111,0.9476130967258185,,0.14584295358093102,0.628428927680798,0.7940959409594096,0.9304463529696383,0.7534918837297093,0.9743475455984987,0.9367745594042812,0.9159562211981567,0.8494940679765077,,0.7425025853154085,0.9705461894902889,0.9706742122400575,0.9220921375574802
amos_0364,0.9179831654019985,,0.5252298955375517,0.792352781002336,0.6698806797637701,0.8901496745758536,0.7086614173228346,0.9550025827599181,0.9542438411855396,0.885776830135039,0.8012633773879979,,0.6625307519520804,0.9515422846323761,0.9408966511954733,0.9081529345804947
amos_0361,0.9428969996341017,,0.854011131544654,0.8004938913439044,0.8549478886859353,0.9110940956270206,0.8234234234234235,0.9585315094119022,0.9707955593208305,0.8880983341102578,0.8027749910730986,,0.6607142857142857,0.9577877431823874,0.9635281921004212,0.9426261922472153
amos_0195,0.9191813373533996,,0.9426574260969862,0.8644332147981783,0.8323190849769044,0.9179046990205788,0.8476987447698745,0.9633802816901409,0.958607780465839,0.8426239299223571,0.9188545702473973,,0.7960566851509551,0.9659969997352708,0.945178431429484,0.850843937893898
amos_0194,0.8787864665858887,,0.6072204285294981,0.44382487208554183,0.6816261879619853,0.5791618768941373,0.1345065996228787,0.34337315291853027,0.9375777595936472,0.622708094797434,0.643849391084131,,0.13816343723673125,0.38861895985887035,0.8188441503590033,0.9060193258969212
amos_0158,0.949763141809291,,0.9278334272607729,0.6704606873748132,0.8166508987701041,0.8660700142562965,0.8009630818619583,0.9407678871116896,0.9757052690054419,0.8571580345285524,0.9121259963802996,,0.8681937664288396,0.9608345449929608,0.9682071490887079,0.9410376610442582
amos_0326,0.8695863358274363,,0.7683448144416914,0.7585115808125553,0.75869406614786,0.9530391931678186,0.5043005885015844,0.9709134553997804,0.9608829994768594,0.8053681520330422,0.8648076923076923,,0.8421343654962676,0.9713457264214809,0.9667656510596754,0.9289289559877636
amos_0250,0.919081024261598,,0.794641267580559,0.6452518570904431,0.8136954790763514,0.9448176684674199,0.8150738830112791,0.9626424576566109,0.9751837290686474,0.8832020508387424,0.8776382620611586,,0.5731166912850812,0.9602082909468334,0.9592154385377382,0.9431426467191647
amos_0328,0.9157012402889464,,0.8825836307306169,0.7589009522654212,0.8213474904823443,0.9238038098095095,0.8823367318820612,0.972972972972973,0.9809866734675352,0.889322077587318,0.8931476846057572,,0.8587984141506557,0.9680131873830824,0.9697673826084741,0.9461177427103736
amos_0109,0.8964649993013832,,0.22290481264026477,0.5839479392624729,0.7799385875127943,0.8285727642466458,0.5646283412669352,0.8650725146309769,0.9487471513540721,0.7740560003790212,0.6505950733462497,,0.4624277456647399,0.9150914603129388,0.8336910737052757,0.8999045793421354
amos_0084,0.9400886535491506,,0.9426352541930432,0.7234628086177072,0.860056846681157,0.8884532179556517,0.7943737441393168,0.9513136242410486,0.9645350545772153,0.8438426600394207,0.8456776277421381,,0.6371826371826372,0.9382563694267516,0.9099090109132474,0.9341632167772064
amos_0077,0.8685714285714285,,0.8436071091409104,0.6641045765785272,0.6982929734021437,0.8030934833204034,0.44342762063227953,0.9015334287466775,0.9449713057472533,0.7410705735899645,0.767378134581488,,0.6142649199417758,0.913066217276346,0.911798300831242,0.8908175612087895
amos_0115,0.9201311940430813,,0.9243863451865862,0.3424483456487975,0.7878043493967198,0.9002004967531496,0.770745428973277,0.9148818686017249,0.9530744295635799,0.6593940222966965,0.72500607139966,,0.7443565502604669,0.9015117538964673,,0.559017275476966
amos_0051,0.9179948357225537,,0.6442224038385489,0.587365274171977,0.735678762202984,0.7946806367116663,0.5925441465009811,0.7419592744909311,0.9569860929490207,0.750709823963657,0.6931438127090301,,0.670299727520436,0.7558648900285422,0.929070821202013,0.7982304243660602
amos_0373,0.8367864964674187,,0.9258319577754682,0.6533224269835923,0.8121265766762558,0.8945143579029202,0.7687341480285912,0.9458266340765249,0.9622030585415222,0.41093786005069516,0.7703123751697691,,0.7832512315270936,0.953555752556812,0.8731544064571166,0.7878739514903855
amos_0562,0.7793276926595015,,,0.633483415258788,0.5479972375690608,0.8289358727939892,0.5620758483033932,0.9452322401231873,0.9675703312714452,0.8981096134335466,0.8717626406016341,,0.6891701828410689,0.9475318044011198,0.9780653361080462,0.8211153656126482
amos_0029,0.912918581262424,,0.945200039286187,0.7685728946918297,0.8652907796291611,0.9095399151768938,0.7779266005893384,0.9611573466414736,0.977451902580309,0.8906878007359185,0.9100539217560901,,0.8528476438276958,0.9615313704900161,0.9509400241795595,0.954523129989204
amos_0129,0.923988412787878,,0.8765843353916152,0.8633725163840632,0.7874835758431067,,0.8342002600780234,0.9665583795146188,0.9717848907513831,0.9231336405529954,0.8601032277944688,,0.8597353497164462,0.9632533353780095,0.9631354983202688,0.9581087826156149
amos_0546,0.9270705817248839,,,0.6499404660656575,0.7931672288107932,0.8089315997738835,0.7081565299387081,0.9488239385763211,0.9441936801289383,0.7633719345450068,0.6999540980262151,,0.5998536942209217,0.9544778750210751,0.9221817153071131,0.7113797334935563
amos_0154,0.9092144974034095,,0.7368148020058793,0.3660419850398134,0.6141390205371248,0.8597616865261228,0.7374005305039788,0.9671245595155198,0.9619303447634594,0.6068783456772018,0.90225535741046,,0.6830497794580971,0.9710287627277677,0.9205408690367669,0.8141929489049518
amos_0193,0.9186741043140433,,0.950665393683144,0.5566643292518475,0.7503168567807351,0.6646631605309291,0.7977315689981096,0.9674680956074173,0.9397515587560663,0.8400146305779078,0.8535807050092764,,0.701530612244898,0.9627264003838311,0.9477955282413459,0.7873499552331669
amos_0199,0.9051919391369998,,0.9207055196677139,0.8294774519490689,0.8720137355898945,0.9349116873355882,0.49082858950031627,0.9578089612178664,0.9702138205756183,0.8760771679217452,0.7021585411239301,,0.8405021609384647,0.9564302315142689,0.9598194013778429,0.8973483479484887
amos_0404,0.8887983074205633,,0.5383449530160654,0.6917972690717401,0.5727332028701891,0.775265501884207,0.6166740185266872,0.9430615517454052,0.9613073770629813,0.7440072013602569,0.8168312033562716,,0.6360179744210163,0.8643396641490064,0.928645359596023,0.9020008473328546
amos_0231,0.9423266569184208,,0.8310589432833921,0.7843151095895246,0.923755513547574,0.9041601128166188,0.8367203924316748,0.9507269941527782,0.9664287047622409,0.8827985165456707,0.7382170350136578,,0.7847549909255899,0.9527392992378853,0.9517160949087953,0.9473837361562949
amos_0206,0.9050091946163448,,0.8224419741880221,0.7426718063233222,0.8377815919330616,0.9244679956262091,0.8578742077035593,0.9669679461261895,0.9705918400758159,0.8657376556996507,0.891832229580574,,0.8400443295160694,0.9674789207419899,0.9617509374770227,0.9557963335206423
amos_0578,0.4718023889230038,,,0.400601475045946,0.31068315611737324,,0.0,0.5969611047901128,0.8719046801488539,0.029709092263567626,0.22736861414289644,,0.0,0.273186660616708,0.8930813620604177,0.4740787093088109
amos_0216,0.9348438716986476,,0.4104916823848085,0.7305672837501354,0.8487011520216852,0.8614745078860496,0.7168485296837432,0.9605448594421403,0.9673935998028441,0.8401785209875148,0.7890723342150872,,0.7551534925107519,0.9592286248551664,0.9534824449619898,0.9561804643597555
amos_0224,0.9147711340206186,,0.8794744340385242,0.6220269980715664,0.8724425191602799,0.7662253093119167,0.8311327310632384,0.958199808763285,0.9657821249704756,0.8766133278026834,0.8964336583762463,,0.8180263554974349,0.960045796550468,0.9548946254310172,0.9363252006247643
amos_0004,0.9194852048426823,,0.6288803088803089,0.6764556962025317,0.6831300208271348,0.8879929886064856,0.6949261400128453,0.9540385134874387,0.9624489027327721,0.7721907841552142,0.9260628901189495,,0.7480106100795756,0.9537458566575433,0.9459007004713864,0.9161048551536639
amos_0018,0.945864359025961,,0.8786833520509119,0.6272665740443875,0.8205996131528046,0.8783225669808323,0.7433563887877684,0.9611590931396604,0.965295170818449,0.8483995459704881,0.8509058029515291,,0.6385786802030456,0.9513512189746164,0.9611931304609822,0.9251784311716695
amos_0014,0.8819207342055666,,0.8311486272363228,0.7474213171118752,0.7721677970359206,0.8827790582811985,0.7657082002129926,0.9500339961194674,0.9537726997743154,0.8063931743805517,0.7651313089864588,,0.8080110497237569,0.9279502485907647,0.9399447922978523,0.9354200531760732
amos_0405,0.9438991575392561,,0.8915602496399424,0.8467338066149359,0.8429471971802345,0.9022227088579875,0.7912007332722273,0.9394905375556826,0.9703135550588066,0.9083997729123985,0.8608181391178104,,0.8137142857142857,0.9542866830364711,0.9500438787912918,0.9517333865951436
amos_0066,0.9128864870035152,,0.922641687360513,0.8125381330079317,0.853619826638994,0.8933745726843562,0.7963496637848223,0.9262236767216847,0.9640653070894123,0.8038370638120395,0.6913779210314263,,0.7672747374239911,0.9412111801242236,0.9184133948157766,0.9328930189693572
amos_0317,0.9326899194549906,,0.8535838019464127,0.7589536293815325,0.8134474763688246,0.8910562685093781,0.6167172577182202,0.9562253295414989,0.8724852331902807,0.8547694251421352,0.6589001928319702,,0.4525195743826541,0.9610532525929345,0.9647582875606779,0.6310185772925394
amos_0057,0.9068095211796543,,0.8902505463293402,0.4486543603898904,0.8073408703732383,0.38141176470588234,0.042810098792535674,0.9078099085955134,0.9492637735397177,0.6090854921544704,0.5911742784445758,,0.5945007235890014,0.9039727517316389,,0.8215707969993712
amos_0290,0.9287286270526494,,0.9279882644070339,0.6851620998427481,0.6686840598675063,0.8785559275272109,0.8230686380103789,0.9493040633719252,0.9680916578495191,0.7065724570057326,0.813892596123292,,0.6831654676258992,0.954239793404577,0.9486809803997974,0.93800515220364
amos_0259,0.891916677584174,,0.6125219729924583,0.43170585592331884,0.898428053204353,0.940079433603868,0.5296251511487303,0.856715308114137,0.9550920249601008,0.7019503642246444,0.7525582178801533,,0.7681940700808625,0.8506544400031351,0.9308446572528504,0.9135878267625518
amos_0087,0.9164656040427835,,0.9346866984243313,0.7767389999142293,0.883469843633656,0.8719021774668149,0.7624890446976337,0.9413808397397989,0.954035516273069,0.8186456524642715,0.8977499782816436,,0.6581560283687943,0.9463335394164212,0.9282514684050862,0.9369872421747277
amos_0380,0.9348735526706432,,0.8869464444225269,0.8356931324441754,0.717948717948718,0.8506174188613266,0.8531216167448574,0.9589014375719274,0.9740368644149069,0.8789797485267576,0.8961154273029966,,0.6737389045247889,0.9612489660876757,0.9640556144859647,0.9495548259236253
amos_0119,0.9011066985591174,,0.9559700145990191,0.7648746107195542,0.6152004787552364,0.8659036098457298,0.7744034707158352,0.9681654085986215,0.9583900378812029,0.7706734867860188,0.8880452788514632,,0.8020969855832241,0.9646202556590512,0.9389971418928444,0.9077467744191803
amos_0507,0.8734318817419097,,,0.48056769276257433,0.43807390817469205,0.0,0.7555116814741691,0.9543251549196433,0.9455226873129955,0.838509151767925,0.7256483434669314,,0.650915534554046,0.9468119962429828,0.9533472779170952,0.7805886513247375
amos_0073,0.922341006131818,,0.8490853312123622,0.8132517280228982,0.8854901960784314,0.6566604127579737,0.7587433313574392,0.9473465859982714,0.9598441693502792,0.7998126380121785,0.8364451082897685,,0.8178077066965956,0.9628840140078003,0.9553594310609944,0.9477432204688219
amos_0325,0.9471378226497762,,0.7995301041298373,0.8353387654872195,0.8711721224920802,0.8287900937311893,0.756844968268359,0.9539295593664713,0.9768224527875613,0.8962742379123002,0.8374098564122318,,0.8215558817362131,0.9522647606165489,0.9547234075872059,0.9749798749062903
amos_0063,0.8835391779712493,,0.08886500482430963,0.3338114486895293,0.7498197548666186,0.870978018477222,0.6663851351351351,0.9532223253525379,0.8556982320923756,0.8482039397450754,0.8140154113043128,,0.5199709513435004,0.9455621710639964,0.9591912410468588,0.8991041638725958
amos_0593,0.9130424924039726,,,0.7087845513063233,0.7419010798560192,0.7426317221365739,0.6630834512022631,0.9547005639233395,0.9395231678084903,0.6633148099144395,0.5941554235374679,,0.46647230320699706,0.9424626289133874,0.9247737250013549,0.9037666717891893
amos_0396,0.9418451761354298,,0.8132133205279968,0.7757355693643783,0.9228374471870135,0.9133107514740936,0.8544726301735648,0.957804915528478,0.9771025720976184,0.8622234106557926,0.8697805778839887,,0.8283828382838284,0.9554579673776662,0.9625999625140572,0.9078316558823352
amos_0159,0.9103605612793308,,0.9554606184803122,0.8123225030084236,0.8625768171222716,0.9274447949526814,0.7736450584484591,0.9680472454689152,0.9707009864279911,0.9116098642283181,0.8862727854173329,,0.7577777777777778,0.9678512331573557,0.9648207756871986,0.9649324721080447
amos_0309,0.8818383184867655,,0.9402488270581919,0.8325556083044823,0.8202835257010156,0.8589929799080126,0.787991104521868,0.9599525683177923,0.9742545476711371,0.899345920610121,0.72161385096388,,0.6887688582603837,0.9607338334503558,0.9676968428371733,0.9322357270834342
amos_0006,0.8199440476021416,,0.9375869754010023,0.0026636035226156587,0.8103645952763128,0.7434910414333706,0.7336122733612274,0.9473873226791165,0.9617431046989854,0.0,0.5859523078867087,,0.6753371868978806,0.9587414921560945,0.9533827150980411,0.8769974099934871
amos_0383,0.9259821101637287,,0.7794628577731209,0.8140064971193711,0.8682516097077762,0.870047888550283,0.7789688616641144,0.8336857553139448,0.9696344790635485,0.8735865776569977,0.8846199209765878,,0.8396178984414279,0.8937693652180821,0.9379062292017729,0.9557795703918939
amos_0599,0.9542471746263216,,,0.7232767232767233,0.616380608250527,0.8794910850282233,0.7178408692604277,0.9556966515323496,0.9473439050886667,0.8358028119241739,0.42966031483015743,,0.558244231851435,0.934910200727785,0.9421517685706746,0.9002894394434265
amos_0557,0.177061981454368,,,0.5606672416496785,0.10759518799380632,0.5387668017921912,0.31941504714258223,0.9078554245493154,0.8920988511464584,0.2518811767299637,0.41778849703443016,,0.14650856389986824,0.8568994827779122,0.9296149836789814,0.8107403457723475
amos_0030,0.8933328021883175,,0.7728227232537578,0.7520730091752122,0.37432963889882015,0.9252723645849317,0.7528795811518325,0.9725014223402237,0.977533461312005,0.8361852339356228,0.8427644088912203,,0.8190618019359642,0.9710360892725622,0.9657070699904939,0.9015693029690616
amos_0349,0.8501358131961894,,0.4291299128921779,0.6152886893627635,0.8158268449145487,0.874511118560733,0.740180634320521,0.9506632091993972,0.7035708416291055,0.8558780335766886,0.8886810956279791,,0.8346510828463389,0.9537831174693566,0.8537253308362338,0.8910291827816565
amos_0099,0.8620870392620128,,0.551458955879768,0.7565325936199723,0.7556223938751795,0.7897669975054402,0.7344351369707947,0.9393941197830784,0.9632381785052477,0.8326269448470099,0.6550319472302062,,0.7096269240803548,0.9207869176315645,0.9286159323542501,0.9386890787446407
amos_0144,0.9287418173749029,,0.854758947195725,0.8441369886412161,0.8533786217899233,0.9026091449237923,0.8758512310110005,0.970601922642237,0.9744025921425679,0.8851427728903524,0.9110518721416518,,0.8659038901601831,0.9690359552638876,0.9720755984175123,0.963135475827677
amos_0553,0.6788594913948112,,,0.05585078670417839,0.585950692333671,0.0,0.6660854402789886,0.8778427467941807,0.9147689962283079,0.3000090719404881,0.6554908652880947,,0.3897058823529412,0.9210555867490174,0.9020679512277529,0.5607035551715689
amos_0033,0.9218200983836964,,0.866977757993461,0.73887370516584,0.8041132410816301,0.8755495434562056,0.7407641300915693,0.9545826471532589,0.9714584517785592,0.855892786756011,0.8146198194278255,,0.6681435533894551,0.9612221431309205,0.9576529744915763,0.9332483289668981
amos_0517,0.0,,,0.0,0.0,0.0,0.0,0.0,0.0,0.0,0.0,,0.0,0.0,0.0,0.0
amos_0532,0.9375533108866442,,,0.3942281998753006,0.38298819861946115,0.42720178372352285,0.5378151260504201,0.9244066278549037,0.9499199796999962,0.6512370311252993,0.8084484701757315,,0.6060606060606061,0.9283777874945344,0.9492110536685583,0.7799458473129672
amos_0572,0.836170826720531,,,0.18870376031794558,0.73827202159973,,0.4023552502453386,0.9489377725146932,0.7387484268712826,0.5386252019644543,0.4903416787918318,,0.5345482156416097,0.9488676330012685,0.8982407850646242,0.5820201753807609
amos_0215,0.8520754974041077,,0.8053414179290537,0.7613720746400939,0.8342090553381778,0.9060111287576695,0.7618055555555555,0.9504295497831989,0.9737565635802887,0.8978492821630076,0.854062967129494,,0.7216117216117216,0.9582621818037409,0.9592250644943807,0.9298693210568965
amos_0226,0.9182479284959109,,0.923357778736421,0.811914903118842,0.8372984192878812,0.8458032358664073,0.8356896010053408,0.9568106067037497,0.9777283536067759,0.8576313868069319,0.7919561889059004,,0.7503684055408193,0.9583124540942758,0.9709270192737895,0.9346557337513566
amos_0398,0.9414395738318696,,0.8696997713006667,0.8658024114916641,0.8770210681038707,0.9056629365886741,0.8262335274287466,0.9609487788290599,0.9768753989078789,0.8834613131032781,0.9270634986339928,,0.7505258729490955,0.9356130923302394,0.9491060928109794,0.940199128256781
amos_0264,0.9353224536635486,,0.6642795760527069,0.7592751269295206,0.921643156798153,0.9134667387777177,0.7786793508673755,0.9589106440841526,0.9683607461285062,0.9040276348669705,0.8239994026284349,,0.7691933916423712,0.9472079778099053,0.9590770542195128,0.7071452577624656
amos_0366,0.9388274195599644,,0.8363486972047972,0.6410676577413633,0.9068014881236287,0.8555836005184528,0.7910828025477707,0.9361615899622286,0.960368754728124,0.8207414081301199,0.8824671123571275,,0.7294613301233824,0.8930167271025851,0.9599679832801574,0.8366864921735769
amos_0258,0.9191020390660177,,0.8339203406529937,0.21983742915626442,0.8241611534696057,0.813245141270619,0.7980952380952381,0.9237604168069037,0.9599764380782015,0.8228907277086073,0.798641241411256,,0.7840207859694706,0.9490156344549049,0.949333510546981,0.7702317916903951
amos_0589,0.8514267529436724,,,0.3661881977671451,0.5495671600111701,0.8723540731237973,0.4599659284497445,0.937139570000719,0.9662100296202938,0.7903171046377402,0.7330298349727664,,0.6749611197511665,0.9299052525066691,0.9650987785364618,0.8333531257952328
amos_0292,0.945867020634729,,0.9651170199848277,0.8188020536223617,0.8827238335435057,0.8806656101426308,0.6965699208443272,0.9230655613610768,0.9603789965124426,0.8437691209463594,0.9010226607199171,,0.649890590809628,0.9457752423086998,0.925238705608982,0.9566487298817141
amos_0196,0.9464091403699674,,0.9266250782681292,0.7395654113298923,0.8448390677025527,0.9148306478132193,0.5644391408114559,0.9361291622054255,0.9738175554251495,0.8909200034296493,0.8901894698487884,,0.6232998225901834,0.933192416090187,0.9659118989712443,0.9509372275501308
amos_0042,0.9251936602599423,,0.9407830349371348,0.7673618694037999,0.7437329523314716,0.8359580052493438,0.7927317523868186,0.9388942613669237,0.96397983485349,0.7645481049562682,0.7570121210485112,,0.6430260047281324,0.9326364792717644,0.9519745146360522,0.8716931335673312
amos_0249,0.916944313541405,,0.817686194788394,0.7195127082982663,0.8205935483870967,0.8754170324846356,0.8031696341224809,0.9588875007954557,0.9723578338032158,0.9112473403695043,0.8443533906550336,,0.8192004426615023,0.9581125763642706,0.9528437273870211,0.9509391212554229
amos_0357,0.9416555490889555,,0.9312371135360002,0.4108735174443771,0.7153086136553555,0.8715568498968572,0.7930700527278597,0.9567578822653063,0.9672419761602036,0.8649561687289218,0.9191394499124215,,0.8013957545798197,0.953408027265462,0.9463041492248326,0.47561088180607386
amos_0104,0.9396036540684893,,0.9484904667295737,0.7852481324113416,0.8967701076630779,0.9372306332191402,0.8337116912599319,0.9610643917544552,0.971809290338911,0.8783077904390849,0.8916633443145813,,0.8734901462174189,0.9573341428041418,0.9547793027676532,0.9584398246954566
amos_0350,0.9082632603718681,,0.09614943815784274,0.7770728449604438,0.7608345506985804,0.8905047179158855,0.5196205260888314,0.9639102929031327,0.9619434822407441,0.8906821415079933,0.7027723835888113,,0.5339790657709733,0.9635484055647793,0.9221760193782802,0.9343697566335546
amos_0203,0.8939729336955256,,0.9316894403991298,0.2737160120845921,0.7771779679613781,0.3262488390606342,0.6126590433242068,0.9561178220978427,0.9583380507773089,0.5666498168693076,0.8413043616905935,,0.7643082469580892,0.9456124606033797,0.9589226381252022,0.8850726179158706
amos_0544,0.7532104213480612,,,0.19407368851544782,0.6805849528574177,0.6878201479795105,0.5454545454545454,0.938188917098903,0.6840867783716408,0.6440632176144806,0.2543067226890756,,0.32273545290941813,0.793637222386938,0.9029169425838879,0.7466993204640351
amos_0235,0.934294781211392,,0.8755333286703504,0.6864693987981659,0.8680469289164942,0.8798504672897196,0.31753668510945393,0.9528367337316368,0.9566245429090879,0.7410197766715996,0.629601677148847,,0.574973600844773,0.956134622667108,0.9580325387816875,0.7801656969596369
amos_0228,0.9053437004001641,,0.3976267485827544,0.7705885221122434,0.8780440383026297,0.916993942621314,0.7504916136495083,0.9513593967056956,0.9682902393841727,0.8388031523719623,0.7881959260673299,,0.641279261457303,0.7077723325595392,0.936857617794206,0.9441990742886657
amos_0590,0.7971109677444354,,,0.6137351165284126,0.33899497487437186,0.4696781803883613,0.5519269776876268,0.9183175184506964,0.9229838475174632,0.6966848538489978,0.6340818535097644,,0.41206457094307564,0.9206451760600102,0.9432630646589902,0.8396961041574748
amos_0301,0.8656124779180491,,0.44175970783836777,0.16866904787675435,0.7163795032445738,0.8674345421771409,0.20497466605251036,0.914860668226361,0.9078652130381026,0.38644017725258495,0.541220867545824,,0.6917874396135266,0.9203186939490371,0.9527039351460902,0.5644453728848966
amos_0280,0.9345300559266164,,0.9449642845052304,0.7382594999889084,0.8541840422574367,0.890264842083355,0.7458928952421592,0.9494123792112823,0.9636831443360149,0.833575940971052,0.8198418311579759,,0.6447709593777009,0.9573382674617206,0.953916301480206,0.9520164754636883
amos_0032,0.925204790034444,,0.9139524704549551,0.8039882166326762,0.8490480507706256,0.9170968721530519,0.7889009793253536,0.9545707308817485,0.9609901641304672,0.8792120269569725,0.8767252751580067,,0.791219056515647,0.9593391652343449,0.9542577774120777,0.9618431977226901
amos_0013,0.9132156626190039,,0.851481608800275,0.5844605512210886,0.5085403726708074,0.8637173396674585,0.7168732125834127,0.940989079602941,0.971135778600832,0.7777005014824847,0.7864009788498514,,0.6297093649085038,0.9591332878536855,0.9362886498994929,0.8927812432583779
amos_0070,0.9156253597145305,,0.8276542502177197,0.8084569474304593,0.8547893622028713,,0.7807017543859649,0.8820870636605307,0.9719599470522485,0.881093746760024,0.8071623998436583,,0.7347498286497601,0.9431057795652324,0.9546542443914866,0.9324658683290972
amos_0508,0.6427611078597302,,,0.4339769139189399,0.6628196424530437,0.04392708104546453,0.6370808678500987,0.9382145150931278,0.9665675235125732,0.7975394375857339,0.5105823583541474,,0.0,0.9408888146752225,0.9629899431392784,0.8802933352505572
amos_0342,0.9244011001218101,,0.9194651340097355,0.7941280899151536,0.7197795224194513,0.908209038914433,0.7058341862845445,0.9695847261119643,0.9551343438382386,0.9117343907259874,0.894878842129151,,0.7765772046009063,0.9670037762055644,0.7750133523233043,0.9308571307426488
amos_0186,0.9275035437664951,,0.541274227985692,0.4818975944093536,0.8321070234113712,0.8327575883192851,0.5811852831020049,0.7312533556046054,0.9487047562184853,0.828733466893919,0.48595889147201005,,0.5282224094355518,0.8149348673839091,0.8631872948987619,0.8996853246877086
amos_0378,0.9219370351730694,,0.8951500378246616,0.8155282465983691,0.8469483568075117,0.9247157199541957,0.8110421570725445,0.9513405729532772,0.9698235526017132,0.8415174325389276,0.8544794899756731,,0.8369380315917375,0.9529500688015607,0.9686943299054892,0.9507565288982112
amos_0149,0.9438881541658795,,0.9097854707126516,0.6261477918670748,0.7996319300667126,0.6699905531646898,0.8060422960725075,0.95860790032768,0.924740802220529,0.6463743924591291,0.5827210077130208,,0.5871313672922251,0.958085657674135,0.9578779599271403,0.8144607707707282
amos_0124,0.9121632245354742,,0.8724417851290064,0.8791459538749898,0.8059677928639091,0.8723904733901794,0.8715393133997785,0.9700145171786614,0.9732559781500171,0.8931333612040134,0.8034395058738041,,0.7692307692307693,0.9714693532057559,0.9779588026899171,0.9619015978823504
amos_0025,0.9079646880944252,,0.90897199350095,0.3079967248908297,0.6642524573202276,0.8700969081679741,0.3549124143183549,0.9511214089530479,0.9428371338160205,0.8384902168884535,0.8985610514023316,,0.5137254901960784,0.9430039359432744,0.881735996218388,0.8054627097471218
amos_0090,0.9406394984326019,,0.8864938131257925,0.8250818330605565,0.8709390298175345,0.9199154703781972,0.7300843486410497,0.9629498368257062,0.9725037513812073,0.9074531737773153,0.8540283350495331,,0.738933030646992,0.9597231966324383,0.9565576592082616,0.9388761892714836
amos_0368,0.9377507142651006,,0.9159450897571277,0.760906570692087,0.8379541932150852,0.8613367625380297,0.5740153915799004,0.8764081485161932,0.9586671071104137,0.7594961240310077,0.8666825165681001,,0.8433141919606235,0.9295434455110247,0.9464807452135156,0.9183120882145499
amos_0294,0.942222518787899,,0.8597992005339342,0.8483617565701738,0.9217405909947092,,0.8413438859479009,0.962368463605791,0.966200564342099,0.9007456670697299,0.8907139003107151,,0.6236096831479577,0.9472132768017234,0.969539741181482,0.9385427154130385
amos_0185,0.9116674677036455,,0.5370163690476191,0.3597991084024604,0.8254607074772294,0.7341463414634146,0.7267525035765379,0.966979137299126,0.9625199362041468,0.7411050043390223,0.6840924909133091,,0.7121559633027523,0.9626539882288482,0.9232899680193747,0.7810242109266067
amos_0048,0.9011240669195671,,0.8343395761458847,0.8077220612176563,0.849409211478177,0.7455787077569602,0.7117137141587019,0.9433716037595536,0.9657621442238546,0.8534260690365791,0.7500289375775113,,0.6751054852320675,0.9409901948916596,0.9641770151754563,0.9497096047156727
amos_0255,0.904041252797212,,0.8899172673247548,0.8165034657278029,0.866765261995245,0.9223779008725246,0.8499438947261042,0.9644439975558632,0.9791714087144422,0.8645088188718397,0.8940348782118264,,0.5602483457233887,0.9620334374594252,0.9670509631280881,0.9595233506513743
amos_0510,0.8588179500044676,,,0.6364437813644378,0.7300368058889423,0.6756223142735472,0.7315568022440393,0.943473338303924,0.9383094647239051,0.870252343186734,0.7189335133310834,,0.25458052073288334,0.944380323740664,0.9372531691016046,0.6704553629235307
amos_0120,0.935897937619849,,0.9537821577632295,0.8390287299178397,0.909834203951851,,0.7401782766589634,0.9611469151512664,0.9674774162235666,0.7993953441499546,0.8778458338148619,,0.8006134969325154,0.9600840570962297,0.9450498442082949,0.925097730884059
amos_0171,0.9581027488323997,,0.08424102187858608,0.7551584473377718,0.6670465066590698,0.7812301472711521,0.8518150174042765,0.9434658247237375,0.8083095139108832,0.5430903646581073,0.7893629456458212,,0.8405797101449275,0.9441697457074549,0.784015474568075,0.8983056268540952
amos_0075,0.9273062800829481,,0.7585722233609558,0.7357343781394414,0.8087897671367662,0.9106498194945848,0.6789858186506231,0.95466493741098,0.9483323881907325,0.659825394394241,0.8091063915047084,,0.5755287009063444,0.9594110876411884,0.8581164154986476,0.8654351242348649
amos_0023,0.9108034566276949,,0.8025045473625297,0.6604007802801916,0.5642127888232134,0.8328578063831199,0.7130852340936374,0.9591488277268094,0.9582095184829723,0.8126727938429351,0.8392081120231772,,0.7099125364431487,0.9588591713079135,0.9351422540547367,0.9133590414543451
amos_0316,0.9434554875353814,,0.8646013565521733,0.7789177764553793,0.8671893283407442,0.8547303119076339,0.7357257010024698,0.9575874120537826,0.9720860067667899,0.9151459808485901,0.8031025076412397,,0.553114872164206,0.9549615749670861,0.9605564209553031,0.9563982413463729
amos_0017,0.9304278041854436,,0.9084353178059891,0.715170461248083,0.7049920663981447,0.9089726267327228,0.7810402684563759,0.9535580998165601,0.9469864257639068,0.8505610703495899,0.8206631762652705,,0.8038233955393719,0.9519909919131948,0.9468502077823951,0.8816408152038567
amos_0155,0.9246221307660273,,0.8491168611093006,0.6419547620848778,0.7731565451247733,0.657164105106594,0.8331122313611038,0.973244288700981,0.9465805520448722,0.9197430033758032,0.9041871625674865,,0.7845836200963524,0.9742778347417176,0.967113251635154,0.9588114294627451
amos_0106,0.9336162402604614,,0.7287740657676288,0.8048048760242378,0.854423560397462,0.0,0.7593535532433031,0.9531253011583756,0.9729713397627038,0.8359605220075775,0.7502726281352236,,0.8192571072836689,0.9399326550563019,0.9688068940405389,0.970341782466031
amos_0167,0.924959437533802,,0.7587091258815987,0.7024453152125391,0.8301158301158301,0.8582153216174714,0.7436208991494532,0.946313606120195,0.9780172508161209,0.8401633146831997,0.8698667745571194,,0.7113513513513513,0.9418140971637181,0.9358415841584159,0.9252866095613149
amos_0358,0.9200658668548577,,0.8429142562286837,0.49203858158029307,0.7678504672897196,0.8645066159636801,0.6526028715809737,0.9342982301310955,0.9642616270962276,0.8059388955780437,0.6852058705562193,,0.6171991084695394,0.844306890278037,0.9429868457795537,0.9056667187092176
amos_0254,0.9196011353392043,,0.8057774975640511,0.7885291396854764,0.8225147845677274,0.6856405292029687,0.8414460575007117,0.9678959746656277,0.9622269501748942,0.8605824352212795,0.8504809562779216,,0.8685813751087903,0.9674952748492623,0.9605899741221475,0.9481502285883693
amos_0225,0.928277571251549,,0.5591845201514485,0.7787405119780106,0.7989876524273334,0.6433891992551211,0.773603806661658,0.9461823654363178,0.9508093784022519,0.8600244648318043,0.8873444213353849,,0.815913688469319,0.9399860813558397,0.9572566316511331,0.907400259002839
amos_0191,0.9172182254196642,,0.9563905941330161,0.7980708377888833,0.8005644402634055,,0.8729261622607111,0.9586272314905975,0.9684561354093763,0.9137164367515438,0.7745175301944541,,0.8173624288425048,0.9501645678305667,0.9488604125852416,0.9442419646242723
amos_0573,0.8605661068382776,,,0.2912846250361934,0.8289855072463768,0.8741042574118308,0.6186440677966102,0.9562359730682911,0.9085832548686922,0.6133618576458528,0.570938116899837,,0.7412429378531074,0.9531045945625074,0.9526748348711743,0.6700096957944491
amos_0245,0.896101282964392,,0.8607978199984861,0.5954750361486774,0.7584316225693337,,0.6923076923076923,0.9183016050414644,0.9560481122632782,0.7709528473485379,0.7963075157042186,,0.4816544362908606,0.9329520983007293,0.9256080042339777,0.8867603373880614
amos_0556,0.9473922491850779,,,0.5660281618673094,0.823088455772114,0.8432582536254243,0.6116279069767442,0.9586530666113614,0.908050954494605,0.8019236075525248,0.7590507726269315,,0.40545144804088584,0.6098383134319831,0.9589966785018899,0.7837920489296636
amos_0582,0.7883850727756904,,,0.5337655321447866,0.5245610135585685,0.0,0.0,0.9310200608604104,0.9677726519019553,0.841669474799018,0.8128848404661341,,0.7657142857142857,0.9283796995822594,0.9486358544429588,0.6876965938707648
amos_0548,0.8017222180981367,,,0.20483421134180355,0.33221476510067116,0.6957905907322249,0.0,0.8676238762728473,0.9474395773534673,0.7433878962055895,0.5851185921958684,,0.1457286432160804,0.5399988347025578,0.9672765329196957,0.6919046814263985
amos_0367,0.935276775960373,,0.8215340638399238,0.7625847769446489,0.8162097295301394,0.8618079768687814,0.780327868852459,0.9485920831961281,0.9578212310444388,0.8667173147316803,0.8070374172537081,,0.8098110172899076,0.9516307855239861,0.9316152286551025,0.9399782083471505
amos_0105,0.8802562057045079,,0.7713997388104001,0.5698858755675543,0.8753494150533182,0.8708609927672645,0.7731691510045366,0.9601791475684912,0.9660189193507501,0.7920254385651506,0.6784935793676486,,0.8088393048701995,0.9530436995102093,0.9459145377302776,0.9298425849212925
amos_0247,0.9218179747123818,,0.8992931221299211,0.7959599980098513,0.8416001051835782,0.9177895174214994,0.7857493375208559,0.9636922785127382,0.9785951062721309,0.8809664187061731,0.8943634856721463,,0.8170677361853832,0.9633490821193906,0.9726517515713595,0.929405370781937
amos_0337,0.9398913110688203,,0.8885710872330408,0.7904414974246645,0.8903901046622265,0.6678911957733108,0.7782577393808495,0.9623662061629192,0.9778268201444983,0.8469222188419024,0.8607012052733782,,0.7936142198815009,0.9595033664342839,0.9626285703206543,0.9585244278653647
amos_0131,0.8662772129664129,,0.7821935832124423,0.866404028159821,0.9180368865270397,0.9002839069582109,0.8559183673469388,0.9568491236000499,0.969635056721297,0.8695059534150286,0.7155989119219586,,0.8240963855421687,0.9537657959493697,0.9698579287644263,0.9601117808442717
amos_0514,0.7678665364094086,,,0.05847249385687779,0.4281084266352387,0.6431560071727436,0.0,0.3534171113788948,0.9280257611320768,0.33887837867223347,0.47980373258564796,,0.41781874039938555,0.098910636790364,0.9314533364354004,0.7078808790861834
amos_0110,0.9150331446129335,,0.8238045180529037,0.7968699753456963,0.865225298040008,0.9210916014385445,0.8475765306122449,0.9667862450188833,0.9728298307470777,0.8673601147776183,0.9143697478991597,,0.8555145826349313,0.964189266288844,0.96280330946256,0.906319818635826
amos_0323,0.9394872579585956,,0.8494179496808111,0.8420366952556726,0.8852329905928681,0.901738298644325,0.8175105485232067,0.9601104183401548,0.9751932300353989,0.9230769230769231,0.8817930914986571,,0.7538556446637877,,0.9727592267135325,0.9595017191299906
amos_0127,0.9250244698205546,,0.9086231117705554,0.7147753236862148,0.7064528161133905,0.6462758425375248,0.36077481840193704,0.7036077797390257,0.9310115517244703,0.7849101323326091,0.8248885841618101,,0.7380281690140845,0.3700491892876662,0.900948118485366,0.9173501665593595
amos_0552,0.8600523560209424,,,0.7542344513623886,0.7614434487769436,0.732317562149158,0.7125567322239031,0.9583061244681904,0.9550401887245554,0.8374320892403639,0.8593699253004222,,0.5468998410174881,0.940367246844907,0.9523282297861572,0.9108659539123397
amos_0547,0.9117959617428267,,,0.17775406142535277,0.40888308295231873,0.0,0.8181818181818182,0.9450661241098678,0.8739654411740314,0.7032483428225651,0.6066695974376688,,0.6326241134751773,0.936535120984513,0.9583294512251933,0.6896691863773063
amos_0330,0.9157293974996864,,0.048369250223931716,0.21484087376257874,0.612280701754386,0.5655079531889278,0.34609929078014184,0.9563374913598749,0.9310591855999379,0.22231767030323854,0.5017436951653758,,0.002844950213371266,0.953977343978598,0.9410031145956396,0.8592608969000228
amos_0097,0.8711890818609094,,0.3347876164880807,0.283964791427478,0.7593666718921461,0.7896377093883912,0.7252985884907709,0.9500111482720178,0.9414991903990856,0.7880750449755847,0.895040369088812,,0.6633165829145728,0.9416480453362206,0.9038633978822856,0.8953238269736318
amos_0392,0.9340445134073607,,0.931771295917744,0.786228701914632,0.8172043010752689,0.5427694668200997,0.7127862595419847,0.9314973360677974,0.9714506902339602,0.7624072501496527,0.7229329895203147,,0.6943262411347517,0.9440037930046721,0.9434987241281543,0.811386614573446
amos_0540,0.0,,,0.0,0.0,0.0,0.0,0.0,0.0,0.0,0.0,,0.0,0.0,0.0,0.0
amos_0009,0.8959097268579057,,,0.6147590683739345,0.561188946512888,0.81226626776365,0.39607361963190185,0.957292576419214,0.9600808404736851,0.794192680551046,0.8438372465559064,,0.5053674649050371,0.9640855832908813,0.9318350678164984,0.8988453886937567
amos_0166,0.9413848631239936,,0.8435571134649089,0.5646810475625041,0.8424068767908309,0.757428594946086,0.7116806308526368,0.8361082461568685,0.9503380987871807,0.8391429732711402,0.8431954955187644,,0.7021040974529347,0.9080653188917593,0.8701312752452395,0.8834676399847
amos_0092,0.8716784454453355,,0.8794154259016764,0.7435671080595063,0.8059889857732905,0.8603682798186361,0.7375776397515528,0.9252190797373598,0.9677701758062762,0.6779648222238998,0.8468496090755787,,0.7181865018031942,0.9585832573986768,0.960280896708724,0.9364922536467554
amos_0162,0.9502530354249595,,0.8693199776324427,0.7147409633069289,0.8956828489837056,0.8438781852082039,0.8350282485875706,0.9487365227341921,0.9625291392062624,0.8276875453067142,0.9028579817950475,,0.782608695652174,0.9546215486261468,0.9501699427186081,0.9251614295290025
amos_0180,0.9384258851829036,,0.8374298190892078,0.6938398932401931,0.716957268045894,0.9374925612144426,0.6964085297418631,0.9536278345084237,0.9609210093792915,0.793680530963342,0.7604592207456685,,0.6149331594391914,0.9440733944954128,0.9628561546742789,0.9272944319699855
amos_0598,0.8673705506733261,,,0.29722204234928445,0.6900747876790467,0.66937767772856,0.5066430469441984,0.9077974078566934,0.9538183016236975,0.829407272513658,0.8408149604652135,,0.6517690875232774,0.954967898352265,0.9306751410127568,0.78264912522386
amos_0296,0.8797169133908928,,0.8308343216128722,0.7166852693763102,0.7951744375611347,0.7535006605019815,0.7879623248334482,0.9354323522701347,0.969279363979745,0.8942540905901037,0.7881373768296183,,0.8139138895645829,0.9086418228410881,0.9712526699334088,0.9233980819595995
amos_0184,0.9402087773952014,,0.7642756845307747,0.6045044546510985,0.8410766961651918,0.9001229256299939,0.6848847139197267,0.9690057816574085,0.9634775343806266,0.7970769602141807,0.8539774370841771,,0.7474489795918368,0.9698174452398626,0.9217767086397939,0.8801170377949505
amos_0304,0.9363129163721672,,0.9057812252356402,0.7080561309172714,0.8403343334762109,0.8715218771114432,0.80863539445629,0.9594092977928965,0.972608530018577,0.8689932464268887,0.8901660983390166,,0.7637630662020906,0.9565598136097051,0.9660636775867504,0.8628370196291076
amos_0586,0.8698759924204265,,,0.7403331350386675,0.714417234395139,0.8575973053892215,0.7058538945331398,0.951507508884558,0.9685930442479119,0.7774865225777734,0.8797572515943222,,0.7900280898876404,0.9627963478192719,0.9419058307947197,0.9120332542698261
amos_0307,0.8996824350639624,,0.791653290529695,0.5760120716146335,0.8048824527824925,0.9208202116828073,0.8175206341423552,0.96121366759403,0.9733590846765394,0.8439655231809069,0.7940864773208987,,0.7439588688946015,0.9618534249749016,0.9632920284681116,0.9433358429254493
amos_0233,0.9254008858224555,,0.8769680040629761,0.7886938850914466,0.8642140239098414,0.9168079978577167,0.7907482148401118,0.9634159353410334,0.9625867508352689,0.8873283515711219,0.8393460017362786,,0.6854743912678422,0.961635573247444,0.9698345536449344,0.9744443108695514
amos_0281,0.7506641839302548,,0.8053390896218475,0.5455294935419731,0.6426692178904568,0.8036621253405994,0.36014362657091564,0.9247512676203586,0.967353042922909,0.738068546812611,0.668050105644431,,0.5474640423921272,0.9207680272295572,0.931956847722485,0.9448615786291545
amos_0550,0.904042364422757,,,0.3227052346125401,0.8486636584519264,0.31527263330174865,0.5894308943089431,0.9473285246972251,0.9296448253831543,0.7046745252888915,0.8162434147430929,,0.6173254835996635,0.935633367662204,0.8265865689327344,0.8390201436413319
amos_0273,0.8906608448961246,,0.8894704865168014,0.7915405867648994,0.8423545622873875,0.8920806124195955,0.8382694991471547,0.9679787586551165,0.9757604553909388,0.9031695008986589,0.8371890914779344,,0.83433850891826,0.96008823187174,0.9697292084271254,0.9380954688635813
amos_0198,0.8803094283382421,,0.7691737375401598,0.40690632650431646,0.7773882559158632,0.6374219672684326,0.6297608503100088,0.9219401049862158,0.9267923105515609,0.6931465899025686,0.7401502504173623,,0.6690582959641256,0.9385237545028207,0.9530990919857876,0.894567731228925
amos_0406,0.8805201300325082,,0.6152694610778443,0.669062547790182,0.6415770609318996,0.8467241033860949,0.34598589183742023,0.7075250923084924,0.9624125350033544,0.764465077779877,0.8074717179689556,,0.5607339449541284,0.8032157834864254,0.918590779227068,0.934618092221049
amos_0135,0.9087814927130117,,0.8669681663338423,0.8497560265093583,0.8137027206370272,0.9017378593470846,0.836783822821377,0.9712381000479786,0.9525567243737912,0.8818789521228546,0.923654974917237,,0.8496732026143791,0.9656792796339123,0.9710024434360423,0.8612527405292408
amos_0015,0.8811322127628611,,0.8123826439989851,0.7846602328486846,0.7366371878302465,0.6773248068212097,0.8447653429602888,0.9349885770938402,0.9729972844534963,0.8097118253443625,0.7923224568138196,,0.6394869445716903,0.927245779695933,0.949874686716792,0.9438028992383357
amos_0600,0.7159559834938102,,,0.0,0.043478260869565216,0.013245033112582781,0.6369958275382476,0.9475202706063771,0.4562510439919214,0.601254084606553,0.5147749659039248,,0.5816993464052288,0.9340335800111403,0.9334153599633741,0.7991160425906751
amos_0558,0.35043855071455354,,,0.42111145606954364,0.6847964589900074,0.0,0.0,0.0,0.8254493568629807,0.0,0.4433744393619203,,0.0,0.09250406691916432,0.760678631675009,0.5982032418936768
amos_0563,0.9096059560559289,,,0.8220028744203705,0.7223556173385568,0.44265167796329974,0.7241478086508164,0.9548676225921545,0.924942512063515,0.860895966292831,0.6760273018526257,,0.48028283927114496,0.9436219259393513,0.9370041473138723,0.898693382393744
amos_0041,0.9049260438937127,,0.8175300686560618,0.41356210267277327,0.7891156462585034,0.45870178739416745,0.5428907168037603,0.9353421915828098,0.9547698753224709,0.7007519540912239,0.8427071490670769,,0.34375,0.9521763134727009,0.9315729338580678,0.7974289285218323
amos_0408,0.8707320788708512,,0.8821462159085285,0.8263300789327004,0.7830426736948354,0.8817160506397855,0.7856590944212641,0.9614342728344258,0.965386026095486,0.8441657020323737,0.8268809797168006,,0.8414693088448526,0.9537481468433954,0.9594437494750894,0.8747750963615188
amos_0272,0.9428489752836661,,0.6530556419023935,0.7958878013532156,0.9050305411819632,0.860771377161186,0.7647930988003774,0.9597349687812589,0.9728283680071516,0.8905399620864674,0.857366234403975,,0.7451574869462692,0.9552193329649157,0.9571364604675776,0.9307473247398796
