uid,arota,bladder,duodenum,esophagus,gall bladder,left adrenal gland,left kidney,liver,pancreas,postcava,prostate/uterus,right adrenal gland,right kidney,spleen,stomach
amos_0116,0.9067017082785808,0.3968781055336064,0.5782151340346114,0.7652889076339098,0.86225614927905,0.570926143024619,0.9699289904291448,0.9562387817289704,0.7558684282279454,0.7140928725701944,,0.3773006134969325,0.9734894404389715,0.9222771169372191,0.8979175897208684
amos_0353,0.9351710011080748,0.6498833199818885,0.8331292273489459,0.9043559921982229,0.9249557431305642,0.8622254231184732,0.9640963396428682,0.982013796424132,0.8874244150381211,0.9058176541398018,,0.82888187872415,0.9652299100375074,0.9671164667968837,0.9517757902134315
amos_0371,0.9172934907389956,0.8942471900478032,0.6868771777593992,0.8073013897531632,0.6991203921305311,0.7333333333333333,0.9493196375335754,0.9645957969013652,0.8594577207114232,0.7396424637803948,,0.7163601161665053,0.9438743895991678,0.9628001984974207,0.9556487150071299
amos_0025,0.9079646880944252,0.908941947565543,0.3079967248908297,0.6642524573202276,0.8700969081679741,0.3549124143183549,0.9511214089530479,0.9428602129819699,0.8384902168884535,0.8986046511627906,,0.5137254901960784,0.9430005108019591,0.8817029574260643,0.8055161704138816
amos_0323,0.9394864863141653,0.8494179496808111,0.8421395440639494,0.8852129009671349,0.9021004385531045,0.8175105485232067,0.9601109269412215,0.9751974630631353,0.9231019655186447,0.8817930914986571,,0.7538556446637877,,0.9727653237580703,0.9595125774176727
amos_0131,0.8662772129664129,0.7821935832124423,0.8664444237224916,0.9180368865270397,0.9002839069582109,0.8559183673469388,0.9568491236000499,0.9696348031978684,0.8695698651736441,0.7155989119219586,,0.8240963855421687,0.9537657959493697,0.9698579287644263,0.9601044367782682
amos_0572,0.8361148518661023,,0.1886388814608244,0.73827202159973,,0.4023552502453386,0.9489377725146932,0.738707667780385,0.5386252019644543,0.4903416787918318,,0.5345482156416097,0.9488423546104408,0.8982671549268806,0.5820902902539928
amos_0304,0.9363129163721672,0.905826962520977,0.707944694392626,0.8403343334762109,0.8715218771114432,0.8087373468300479,0.9594092977928965,0.9726200667751048,0.8689648239943206,0.8901020323973488,,0.7637630662020906,0.9565598136097051,0.9660636775867504,0.8628310302721285
amos_0076,0.887249406489053,0.893484555984556,0.5332268654067962,0.7727907440654299,0.8959056994168914,0.5356842989084802,0.9424630406650719,0.9556669262029837,0.7843888697816865,0.59415451549678,,0.7494539781591264,0.9359801600215457,0.9399024472823845,0.8705304094198985
amos_0135,0.9087698646262508,0.8668917926882983,0.8497560265093583,0.8137027206370272,0.9017378593470846,0.836783822821377,0.9712381000479786,0.9525505480833298,0.8819108188191082,0.9236487721650113,,0.8496732026143791,0.9656792796339123,0.9710024434360423,0.8612582296068272
amos_0112,0.9439385610605228,0.8866762820124353,0.7209200983596352,0.875546880258464,0.9170372429127293,0.8797266514806378,0.9316574175394716,0.9652730468873267,0.7649925630557929,0.7721834120433937,,0.8103552077062011,,0.9491162705508669,0.8714284235907731
amos_0150,0.9297845062259611,0.9401780745687257,0.4706549664675853,0.7547003525264395,,0.7821339950372208,0.9372661026184531,0.9551111566252722,0.5367610250779143,0.7649942952295785,,0.8574697613599216,0.9456483528944832,0.945936956438764,0.9051559581382257
amos_0373,0.836740490960571,0.9258266673460029,0.6533224269835923,0.8121265766762558,0.8945143579029202,0.7687341480285912,0.9457738952650899,0.9622131018313677,0.41093786005069516,0.7703123751697691,,0.7832512315270936,0.9535155236530313,0.873252838112737,0.7878850387109014
amos_0224,0.9147711340206186,0.8794901454621785,0.6220475036674413,0.8723347547974414,0.7662253093119167,0.8311327310632384,0.9581961153303313,0.965783959670376,0.8765853580715665,0.8964336583762463,,0.8180263554974349,0.9600563150355119,0.9549200516568811,0.9363131726266819
amos_0218,0.9310631666508724,0.7600366636113657,0.6821132623057242,0.9050432276657061,0.4394513389941215,0.7293252822263061,0.9156903502141598,0.9699756230860652,0.8500616690460235,0.8687031026601685,,0.7753164556962026,0.9444715547428424,0.9538574313944148,0.8214507452125686
amos_0123,0.9141532231728823,0.36007450906105953,0.8399331447672924,0.8743698918416287,0.9081557678177811,0.8473011363636364,0.967084066044305,0.9790425379593595,0.9345132034675369,0.8820034944670938,,0.8707209021345147,0.966769363695274,0.9728976710327165,0.9510671763484527
amos_0059,0.9341541668702464,0.7847046735719642,0.8155700910606644,0.8230385907984703,0.8361965204070467,0.8149435273675065,0.9443891371287014,0.9610150902613778,0.8836841785359726,0.7914246947082768,,0.8164082041020511,0.9531389566585343,0.9549003332250653,0.9404376410558336
amos_0008,0.9063416738567731,0.8882479370134859,0.6634103159924756,0.750134451973755,0.7549757657007322,0.7160551530731479,0.9261042790814406,0.9611720760387974,0.8643088687557144,0.8045056823896208,,0.7141742522756827,0.929573348918761,0.9352906851755167,0.9012267059927604
amos_0563,0.9096059560559289,,0.8221336370539104,0.7223556173385568,0.44244568631989684,0.7241478086508164,0.9548676225921545,0.9249492482058596,0.860895966292831,0.6759911955643476,,0.48028283927114496,0.9435979926821256,0.9370041473138723,0.8987737785801782
amos_0337,0.9398913110688203,0.8885835763730279,0.7903646970117861,0.8902493180232189,0.6678911957733108,0.7782577393808495,0.9623805877318512,0.9778284779243946,0.8469065283152789,0.8606638643756709,,0.7936142198815009,0.9595033664342839,0.9626285703206543,0.9585215511381153
amos_0556,0.9473922491850779,,0.5662100456621004,0.8227800674409891,0.843079771640179,0.6116279069767442,0.9586530666113614,0.9080575219376064,0.8019236075525248,0.7590926651581213,,0.40476190476190477,0.6097986001999715,0.9589966785018899,0.7838466896586874
amos_0410,0.9121961048616274,0.9501888672118218,0.7704493180861058,0.8610882594899518,0.921884326243814,0.663321310961267,0.9476794333992296,0.9682000710281867,0.7160729480486627,0.8552546570474857,,0.8811484531493434,0.9436407954985534,0.9452280510199017,0.9049577374867983
amos_0033,0.9218200983836964,0.8670391575974336,0.73887370516584,0.8041132410816301,0.8755495434562056,0.7407641300915693,0.9545826471532589,0.9714532370551708,0.855892786756011,0.8146198194278255,,0.6681435533894551,0.9612221431309205,0.9576529744915763,0.9332483289668981
amos_0336,0.911565404752735,0.9396856388664674,0.7465180338044927,0.827021494370522,0.8990126324960069,0.8020192459378451,0.9599876330095587,0.972786301688388,0.8744637786236481,0.8459780667178909,,0.7441777140809746,0.9554603895419577,0.9605330555193818,0.9640461320992731
amos_0405,0.9438991575392561,0.8915260095627628,0.8467338066149359,0.8429471971802345,0.9022227088579875,0.7912007332722273,0.9394905375556826,0.97030018406823,0.9083997729123985,0.8608181391178104,,0.8137142857142857,0.9543553035232871,0.9500896284408406,0.9517276799726082
amos_0219,0.9492297322735195,0.9170306253051315,0.8265449581287312,0.8927141713370697,0.914755151371727,0.8303611234953188,0.9409415649243447,0.9734341099028354,0.8763692958477164,0.5946487337244241,,0.7604859704946485,0.9394136509390747,0.9609037179053938,0.961523597556433
amos_0344,0.9186311885055138,0.8830417492168724,0.8539599844815163,0.7926644437708397,0.8647815519592151,0.7713987473903967,0.9644826168913078,0.9649564315780077,0.8403325937971126,0.8309863475993251,,0.6715227193895248,0.962891580295796,0.964760531795611,0.8868059447654755
amos_0514,0.7678549957917519,,0.058475426278836506,0.4281084266352387,0.6431560071727436,0.0,0.3534643523167408,0.928026322940633,0.3389218692239111,0.47980373258564796,,0.41781874039938555,0.098910636790364,0.9314576344551455,0.707883475878244
amos_0066,0.9128864870035152,0.9226658843498213,0.8125381330079317,0.853619826638994,0.8933745726843562,0.7963496637848223,0.9262236767216847,0.9640759308078342,0.8039009275627148,0.6913779210314263,,0.7672747374239911,0.9412111801242236,0.9184327629894258,0.9329148725930401
amos_0584,0.865411786153776,,0.6313188901558343,0.6171829339567504,0.649646796381212,0.0,0.9524895371310188,0.9028512991643903,0.5264766756885846,0.5862935055615357,,0.0,0.7866211604095563,0.9336159552943444,0.7832977461447213
amos_0366,0.9388274195599644,0.8363486972047972,0.6410676577413633,0.9068014881236287,0.8555836005184528,0.7910828025477707,0.9361615899622286,0.9603746085411181,0.8207104239779949,0.8825458433285716,,0.7294613301233824,0.8930785244789595,0.9600026679710081,0.8366864921735769
amos_0043,0.9374582684175384,0.6375662554006503,0.7751074638530676,0.9163540885221305,0.8600817246723967,0.8517298187808896,0.9099738616040721,0.9673312253512066,0.8284709495269701,0.8181003262935207,,0.7860199714693296,0.9525009825046414,0.9551081741031027,0.9521445718291707
amos_0381,0.9392532694419486,0.7526088831392842,0.7675046684260074,0.7281205164992827,0.9276232170597373,0.8546637744034707,0.9577467947100803,0.9751399249868038,0.8225957049486461,0.877697564731928,,0.8299894403379092,0.9501772652854501,0.9454119123006153,0.9608903636355635
amos_0175,0.9229551295306176,0.7894029283689394,0.28014796547472254,0.5264449094451259,0.8654841834519157,0.5461365341335334,0.953388563657932,0.9438867169524924,0.7987497829484286,0.7238247970331763,,0.42518775274407855,0.9679647991080317,0.9093725133568262,0.00025892202131791306
amos_0056,0.9098751760250469,0.9336906664313435,,0.6460247070003168,,0.6902479338842975,0.9253014744970762,0.9623409329600577,0.4718257668124985,0.6100512373269378,,0.614421572168051,0.9305065433587398,0.911269350833063,0.9356431525605321
amos_0057,0.9068578181778019,0.8902505463293402,0.44873536451258167,0.8073408703732383,0.38141176470588234,0.042810098792535674,0.9078099085955134,0.9492552747408933,0.6093124875861873,0.5910831298984968,,0.5945007235890014,0.9039727517316389,,0.8216224910560229
amos_0083,0.8572520751419834,0.859899482180932,0.8132647889363551,0.7750702905342081,0.5391343860047711,0.7697318967677274,0.945249067368883,0.949283868685171,0.8752548500325787,0.8351476435695195,,0.3287520615722925,0.9479821708227925,0.8902834776183487,0.9189060197962275
amos_0189,0.9232271867538991,0.23565723986264903,0.5899210290645608,0.7799260733579756,0.8141445078657943,0.26861451460885954,0.9679192804706472,0.9496818941286072,0.8825810241848624,0.7508126231731975,,0.5673648823377295,0.9701468766589985,0.9326438361556092,0.8147379907297724
amos_0551,0.919710665640119,,0.5267882624601095,0.8347855227882037,0.016489988221436984,0.45321931589537223,0.9508916189450671,0.9132204441591754,0.8306327340649078,0.7079582712369598,,0.4747834946510443,0.9474359274429491,0.9251917987650031,0.6760780314738983
amos_0070,0.915687766573093,0.8277363732580703,0.8084569474304593,0.8547893622028713,,0.7807017543859649,0.8820602789626286,0.9719631290483308,0.881093746760024,0.8071623998436583,,0.7347498286497601,0.9431057795652324,0.9546901964006903,0.9324683891785033
amos_0508,0.6427927429177014,,0.43383723338165253,0.6628196424530437,0.04435660957400088,0.6370808678500987,0.9382254711913492,0.9665659803821396,0.7975567938276896,0.5105334078285733,,0.0,0.9408986271305717,0.9629802001234331,0.8803096205231437
amos_0048,0.9011240669195671,0.8343395761458847,0.8077220612176563,0.8492044358727098,0.7442594215600351,0.7117137141587019,0.9433716037595536,0.9657716031736957,0.8534260690365791,0.7500289375775113,,0.6751054852320675,0.9410107055183533,0.9641770151754563,0.9496980059943697
amos_0540,0.0,,0.0,0.0,0.0,0.0,0.0,0.0,0.0,0.0,,0.0,0.0,0.0,0.0
amos_0206,0.9050369288469825,0.8224524888613307,0.7427004833094145,0.837831459709946,0.9245521069896543,0.8578742077035593,0.9669592511922928,0.9705948747463392,0.8657376556996507,0.8918358657164628,,0.8400443295160694,0.9674919794437675,0.9617536696134682,0.9557717365273978
amos_0316,0.9434345524135531,0.8647293732195607,0.7788676612423303,0.8671893283407442,0.8547303119076339,0.7357257010024698,0.9576109517123497,0.9720863366024657,0.9151060612865077,0.8032472583454758,,0.553114872164206,0.9549615749670861,0.960562774769363,0.9563896569730738
amos_0383,0.9259821101637287,0.7794628577731209,0.8140064971193711,0.8682516097077762,0.870047888550283,0.7789688616641144,0.8336989111566988,0.9696379716754615,0.8735865776569977,0.8846856940676967,,0.8396178984414279,0.8937034462210746,0.9379230268188383,0.9557795703918939
amos_0104,0.9396036540684893,0.9484724770859708,0.7852481324113416,0.8967701076630779,0.9372306332191402,0.8337116912599319,0.9610643917544552,0.971809290338911,0.8783077904390849,0.8917563626445102,,0.8734901462174189,0.9573341428041418,0.9548157578082765,0.9584401897066573
amos_0019,0.9094898228918847,0.9349985861061363,0.7037023002008412,0.8209121245828699,0.8483691592663292,0.6694915254237288,0.9491934122639917,0.9559158653484741,0.7348428523149713,0.8682953737171392,,0.6722846441947565,0.9498444474502908,0.9130720080054463,0.8592957885393037
amos_0349,0.8501358131961894,0.4291110107806323,0.6153500785712505,0.8156928050154283,0.874511118560733,0.740180634320521,0.9506632091993972,0.7035722368307613,0.8558780335766886,0.8886810956279791,,0.8346510828463389,0.953754054072824,0.853734059517026,0.890995697088419
amos_0550,0.904042364422757,,0.32252143659425253,0.8486636584519264,0.31527263330174865,0.5894308943089431,0.9472916946078803,0.9296480793002292,0.7048138900180013,0.816179078596482,,0.6173254835996635,0.9356359171386699,0.8265593751476308,0.8389920680982782
amos_0250,0.9190793752685269,0.7946485912492767,0.6452950778703561,0.8136954790763514,0.9448176684674199,0.8150738830112791,0.9626381817284979,0.9751839019793305,0.8832353401444188,0.8776382620611586,,0.5731166912850812,0.9602082909468334,0.959199284531806,0.9431467568462705
amos_0230,0.9234416399386417,0.40752196812528413,0.7625662131778514,0.8431406584505005,0.7633262260127932,0.7423687423687424,0.9535813246364728,0.9697622390937002,0.8364777517564402,0.8708240641071642,,0.7691085963867381,0.9446100202586879,0.956737249150396,0.9515401177823877
amos_0380,0.9348735526706432,0.8869464444225269,0.8356931324441754,0.717948717948718,0.8506174188613266,0.8531216167448574,0.958853516437786,0.9740353698365923,0.8789797485267576,0.8961154273029966,,0.6737389045247889,0.9612489660876757,0.9640556144859647,0.9495548259236253
amos_0325,0.9471645638743024,0.7994663078309062,0.8353387654872195,0.8711721224920802,0.8287900937311893,0.756844968268359,0.9539591842780594,0.9768243155666287,0.8962491475335304,0.8373954165150964,,0.8215558817362131,0.9522647606165489,0.9547234075872059,0.9749769009034928
amos_0546,0.9270705817248839,,0.6499897966124754,0.7931672288107932,0.8089315997738835,0.7081565299387081,0.9488239385763211,0.9441950639963462,0.7633066891779003,0.700001700188721,,0.5998536942209217,0.9544454748200888,0.9221817153071131,0.7113127517325308
amos_0041,0.9049260438937127,0.817585235420146,0.41356210267277327,0.7891156462585034,0.45870178739416745,0.5428907168037603,0.9353601296133044,0.9547698753224709,0.7006580574934441,0.8427071490670769,,0.34375,0.9521763134727009,0.9315729338580678,0.7974289285218323
amos_0111,0.9476130967258185,0.1458397466907076,0.628428927680798,0.7940959409594096,0.9304463529696383,0.7534918837297093,0.9743246888818513,0.93677185267951,0.9159562211981567,0.8494940679765077,,0.7425025853154085,0.9705693862459945,0.9706742122400575,0.9221025429801448
amos_0289,0.9248824631482202,0.8309230280546349,0.7571766024742763,0.8843082236132096,0.8844944403021363,0.7320277953253317,0.9649075620017153,0.9708987201792113,0.8453544177053482,0.8984754756331366,,0.7462020905923344,0.9627199555320621,0.9476473351470904,0.9374027699436905
amos_0174,0.9031039991550152,0.8164417515835858,0.7551731202622414,0.8240818380010062,0.9341137906813393,0.8082846521508231,0.9693966693966694,0.9713908472227882,0.9032553432447411,0.9286349181266913,,0.8256880733944955,0.9699367943385014,0.9530040847540954,0.9345375573098004
amos_0395,0.9049397994471495,0.8639417117307308,0.7067890314020345,0.7635371179039301,0.8066457117198024,0.7050659264399722,0.9159261430632316,0.9449477395759318,0.7860997097921043,0.7195104992351551,,0.7132766325500937,0.9055151565169813,0.9121451188751141,0.8324977699100358
amos_0040,0.8959343735277,0.23080360193659288,0.7979463398476316,0.808284789644013,0.6782225023636936,0.805630752571738,0.9396085484817827,0.9606571648831329,0.835957881502436,0.7268754163890739,,0.645,0.9288253960162612,0.9440350761425041,0.9489834020097347
amos_0286,0.946643434183431,0.9347876805154701,0.8635393214812515,0.8964293634952317,0.9041656018400205,0.0890122682904988,0.945464322647363,0.9736249318183658,0.8324259503537594,0.7912009972489684,,0.7624963028689736,0.9528717466541301,0.963360760616787,0.9653497155241333
amos_0541,0.8394353265235854,,0.5146032566554666,0.0,0.0,0.6552901023890785,0.7685555531533089,0.9172601904357884,0.5016176470588235,0.6706559952128057,,0.1,0.19330329534411167,,0.0
amos_0088,0.9112747815527573,0.4160925874896666,0.18247374196582536,0.7631507222676479,0.0,0.11629315566323441,0.9326046571909967,0.8972425678586816,0.24938157729235672,0.8683640411026972,,0.1180637544273908,0.9394489654090166,0.7611940298507462,0.568358937837013
amos_0117,0.9311974022459748,,0.4937814572055225,0.7822941051287507,0.8936466365084889,0.6223458038422649,0.9649743451255739,0.9663365475601348,0.5861468089740797,0.7226679642853101,,0.78133925737861,0.9618144384296099,0.9216466218099503,0.4538846282094031
amos_0388,0.9432289800419547,0.8376221624553132,0.4743625605164067,0.8213783403656821,0.8448731709810372,0.16301422529796233,0.8915160692046483,0.9469007672983132,0.4375790499492007,0.5751467593147238,,0.7643711987443594,0.8904093880203356,0.9503740186773422,0.8786386433551859
amos_0060,0.8897765326446191,0.9319995041657985,0.6966011524603598,0.8259525281834181,0.8811129370431234,0.7873005428524429,0.9414678282931925,0.9696074539498628,0.80046810260303,0.8060530977549816,,0.7876699215010531,0.9393558422740493,0.9627333011286285,0.931971182581264
amos_0161,0.9087143741081689,0.9347732547066666,0.5430937989702261,0.7904122278832793,0.8901696741179639,0.7288135593220338,0.9657239369452908,0.966795460262164,0.7813144966716083,0.8762646933630202,,0.5950138504155125,0.9628633843051588,0.9392889728621143,0.9117378396894268
amos_0370,0.9014395120648513,0.930332425354464,0.5431917442894136,0.8187692613579879,0.0,0.6251268520397808,0.8709415008781335,0.9397400477354637,0.6935631516667039,0.6107019458083288,,0.7176272003858211,0.8742966679239239,0.5309302325581395,0.8660361788400687
amos_0193,0.9186741043140433,0.950665393683144,0.5566643292518475,0.7503168567807351,0.6646631605309291,0.7977315689981096,0.9674680956074173,0.9397499141569573,0.840137547556336,0.8535807050092764,,0.701530612244898,0.9627264003838311,0.9477240700181667,0.7873977508991851
amos_0073,0.922341006131818,0.8490853312123622,0.8132517280228982,0.8854901960784314,0.6566604127579737,0.7587433313574392,0.9473465859982714,0.9598415285888203,0.7998126380121785,0.8364451082897685,,0.8178077066965956,0.9628840140078003,0.9553594310609944,0.9477548368909072
amos_0170,0.9100497947648206,0.7991316146540027,0.8479394979167396,0.8190219224283305,0.9217118367839682,0.8197395476353667,0.9655878928987195,0.9652591993547202,0.8657553909894627,0.856,,0.8705701078582434,0.9627550873557263,0.9665549972082635,0.9583251682017114
amos_0409,0.9428721257289961,0.9369784683835005,0.8508004523001845,0.9077580940745266,0.9211861379063951,0.8324066719618745,0.9434495573715789,0.9718308946461204,0.8889050317206645,0.8645414687614176,,0.7698293923974858,0.9418925842596512,0.9655810326519777,0.9458795034816834
amos_0207,0.9273473614939398,0.8210887784061311,0.645911782904623,0.8609122716913299,0.9068994181213632,0.7373771602846493,0.9447954709753739,0.9691491364001182,0.8663206983566505,0.7248905125393101,,0.7348329925017042,0.9372945738559344,0.9622942953568854,0.9247232804391516
amos_0133,0.8179506464668171,0.6635958107059736,0.46868836618264126,0.61698956780924,0.8923676518350113,0.14151747655583974,0.7991183673469388,0.949174179684351,0.6573892690869311,0.572498887295386,,0.21066491112574062,0.6724982272646693,0.9364608560777165,0.9022043459229099
amos_0334,0.929095922217385,0.5840710070435942,0.4461959318545001,0.8325250312891114,0.9284845080969765,0.7200145825738243,0.9663201998227379,0.9591201413082726,0.6923915111472404,0.8590297732596045,,0.6919179734620025,0.965667607664124,0.9619235580264073,0.8480932238558664
amos_0284,0.9356742654291946,0.8521379139891251,0.8065304351709486,0.867502754893215,0.9288761388250467,0.7632244848776961,0.9582202500049526,0.9744748145772228,0.8347311131486638,0.7454231929874982,,0.7685261303581914,0.9539359024012394,0.9569211306433035,0.9464888760530746
amos_0273,0.8906542765250789,0.8894871147752447,0.7914875888079993,0.8425539243122229,0.8920806124195955,0.8387897595034911,0.9679787586551165,0.9757621214468355,0.90320741022362,0.8371195661620288,,0.83433850891826,0.96008823187174,0.9697564646178529,0.9381350374278339
amos_0557,0.1767532678852308,,0.5604225462527438,0.10762082522536834,0.5390161696318102,0.31941504714258223,0.9078381524863979,0.8920801181705612,0.2519634480015717,0.4174195613106521,,0.14650856389986824,0.8568994827779122,0.9295834099831585,0.810729240205142
amos_0036,0.9091664903104877,0.8796488981377728,0.7114727566984356,0.7891561989922645,0.8456561922365989,0.8222543352601156,0.944547943122196,0.955666695138571,0.8283389761988984,0.8564776709075089,,0.6804360298336202,0.963294736736395,0.9452131051305148,0.9172409406077056
amos_0554,0.6852968736689667,,0.692475640145349,0.557221123116725,0.4619715594119065,0.746750597423792,0.9277724807512893,0.9410024558145786,0.8481487732156777,0.7353495702857823,,0.18898488120950324,0.9124059684219228,0.9276576417955839,0.8092276483253515
amos_0090,0.9406394984326019,0.8864938131257925,0.8250818330605565,0.8709390298175345,0.9199154703781972,0.7300843486410497,0.9629498368257062,0.9725037513812073,0.9074531737773153,0.8540793864943549,,0.738933030646992,0.9597384995615084,0.9565217391304348,0.9389145381772843
amos_0195,0.9191813373533996,0.9426574260969862,0.8644332147981783,0.8323190849769044,0.9179046990205788,0.8476987447698745,0.9633802816901409,0.958621322945105,0.843022098347601,0.9189013700409064,,0.7960566851509551,0.9659969997352708,0.945178431429484,0.850843937893898
amos_0192,0.9309559745209894,0.5276844251005455,0.277747202348193,0.6573493400226961,0.792622882416757,0.0,0.758901482401396,0.9032263752151615,0.5460235936120696,0.47175685693106006,,0.13758599124452783,0.9305941143808995,0.44652956298200513,0.0
amos_0180,0.9384258851829036,0.8373850431311043,0.6940457159808171,0.716957268045894,0.9374661906307475,0.6964085297418631,0.953626275081269,0.9609303303443604,0.7937621386953044,0.7602790607538517,,0.6149331594391914,0.9440152668954255,0.9628561546742789,0.9272944319699855
amos_0391,0.9429834254143646,0.937888682264412,0.8035435600844579,0.9038601602330663,0.8864777327935223,0.7011156782149148,0.9648326557888288,0.977801797537939,0.9058241821422411,0.9147655156702574,,0.7724784988272088,0.963010688738002,0.9672457690579601,0.9565153425809163
amos_0149,0.9438881541658795,0.9098403107466552,0.6262260261135754,0.7993557294063507,0.6697112860892388,0.8060422960725075,0.95860790032768,0.9247300855154397,0.6463743924591291,0.5827210077130208,,0.5871313672922251,0.9580873611802599,0.9578915911257845,0.8144557317125005
amos_0247,0.9218179747123818,0.8992993089404326,0.7959599980098513,0.8416001051835782,0.9177168859432189,0.7857493375208559,0.9636792229169066,0.9785944452156184,0.8809664187061731,0.8943634856721463,,0.8170677361853832,0.9633490821193906,0.9726565075402285,0.929405370781937
amos_0097,0.8711890818609094,0.3347876164880807,0.2842930935527071,0.7594857322044528,0.7896377093883912,0.7252985884907709,0.9500111482720178,0.9415046330943083,0.7879504446614918,0.8952208747700845,,0.6633165829145728,0.9416480453362206,0.9038843101343101,0.8953238269736318
amos_0215,0.852092081766117,0.8053414179290537,0.7614246024142556,0.8342090553381778,0.9060111287576695,0.7618055555555555,0.9504295497831989,0.9737544512735005,0.8978492821630076,0.8540430581454483,,0.7216117216117216,0.9582437948152234,0.9592250644943807,0.9298693210568965
amos_0580,0.806286097359736,,0.7122991347342398,0.6884364195159431,0.7254881486895688,0.5153294194390085,0.8629999442182184,0.9584785367737882,0.8195836856303096,0.7763338339972572,,0.5566666666666666,0.9390930307051664,0.9537664899519172,0.8800977027486627
amos_0011,0.9181505311985635,0.876843467011643,0.516163222045575,0.8189936832934002,0.7945381939971661,0.7879499217527387,0.9525542820941082,0.9672896708072587,0.7748161764705882,0.8987768126218756,,0.696319018404908,0.9558754929816378,0.9427409146214067,0.9073664738434526
amos_0332,0.924548021681976,0.9296890483425906,0.7931716391661521,0.889210233592881,0.8874557898121355,0.785294868521828,0.9551422937554307,0.9702420583666747,0.8814616978259242,0.8591665839208288,,0.8003150846790075,0.9545955483916267,0.9664269124709682,0.9557759600346546
amos_0374,0.9004837758112094,0.9199846828064503,0.6642323160050332,0.7052545155993432,0.4521452145214521,0.4391691394658754,0.9314462627156126,0.9619536868263578,0.7902968565107784,0.6816806389205814,,0.6355475763016158,0.9332363208966188,0.9445549527828009,0.9295706273873552
amos_0290,0.9287554939715222,0.9279795660120916,0.6851844307376415,0.6686840598675063,0.8785559275272109,0.8230686380103789,0.9493133002477411,0.9681007478388349,0.7065724570057326,0.8139010175351625,,0.6831654676258992,0.954239793404577,0.9486809803997974,0.93800515220364
amos_0599,0.9542906621701681,,0.7231864152828068,0.6160096298525429,0.8795412802938674,0.7178408692604277,0.9556966515323496,0.9473437404748395,0.8358028119241739,0.4297904067600033,,0.558244231851435,0.934910200727785,0.9422105751644692,0.9003066873780221
amos_0118,0.9408523487843601,0.9311741546637287,0.8389572497780033,0.6484375,0.9389000261483483,0.8227694792087202,0.9572515491411091,0.9654943103637335,0.8768964704032702,0.6637168141592921,,0.7819453273998729,0.8991171403962102,0.9637245182056471,0.951222123104371
amos_0127,0.9250244698205546,0.9086231117705554,0.7147753236862148,0.7064528161133905,0.6459099915086329,0.36077481840193704,0.7035436188465092,0.9310043735459261,0.7849101323326091,0.8250017143248989,,0.7380281690140845,0.3700491892876662,0.900948118485366,0.9173735337756502
amos_0274,0.9128172788901151,0.9484834423538452,0.829519911430201,0.821430496415674,0.6980458474257798,0.751331651247547,0.9624355674366593,0.971129006567415,0.9222008268158464,0.8544976555742705,,0.8197860962566845,0.9406227764772338,0.9691519153301672,0.9386247803459257
amos_0208,0.9079030620502936,0.7063032024556741,0.5650641297884991,0.862974452194187,0.5508550461921506,0.6813788659793815,0.9147851676628579,0.886404896519529,0.7303837573954932,0.8464877821426193,,0.6797318205260443,0.9475437513959184,0.945868083170985,0.9064188416316686
amos_0110,0.9150591783316263,0.8238045180529037,0.7968699753456963,0.8651515151515151,0.9210916014385445,0.8475765306122449,0.9667862450188833,0.972827859705746,0.8675225936020657,0.9143697478991597,,0.8555145826349313,0.964189266288844,0.96280330946256,0.906319818635826
amos_0538,0.9229671897289586,,0.3010047821181022,0.43112062812276947,0.5932273214138585,0.0,0.9438011492251437,0.9319229173550229,0.7556223014830111,0.7686627778187993,,0.5184577522559475,0.9476741526780406,0.9148112477102336,0.7969793106132855
amos_0392,0.9340445134073607,0.931771295917744,0.7863139775880844,0.8172043010752689,0.5427694668200997,0.7127862595419847,0.9314797933758736,0.9714443483020825,0.7624072501496527,0.7229329895203147,,0.6943262411347517,0.9440037930046721,0.9434788279526599,0.811386614573446
amos_0339,0.7978088233569107,0.22413342557519444,0.6428662451600254,0.8656827176781002,0.8574258651643657,0.7498933901918976,0.9268030402019226,0.9691274867587742,0.842984296392855,0.5630692634353492,,0.751402844838836,0.8807496731811297,0.9615477309995133,0.9530538526453031
amos_0184,0.9402087773952014,0.7641862641862642,0.6045044546510985,0.8410766961651918,0.9001229256299939,0.6848847139197267,0.9690057816574085,0.9634775343806266,0.7969713595961813,0.8539774370841771,,0.7474489795918368,0.9697686414130613,0.9217767086397939,0.8800653389457812
amos_0064,0.8806215528213831,0.7828412606848812,0.587318563789152,0.7850530213768726,0.8228531614701271,0.6515837104072398,0.9295036427485718,0.9754103194103194,0.8036518661518661,0.816589202717197,,0.6876006441223832,0.9325910877766931,0.8941544885177453,0.9013063043383285
amos_0507,0.8734318817419097,,0.48056769276257433,0.43807390817469205,0.0,0.7555116814741691,0.9543347708677603,0.9455228553537883,0.8385005711856752,0.7256483434669314,,0.650915534554046,0.9468119962429828,0.9533472779170952,0.7805824538497805
amos_0297,0.9147982857987291,0.9307491405667357,0.7908528864059591,0.8481009893637932,0.9033219959931044,0.7775653282345443,0.9687775313193164,0.9746605537134232,0.8678948653763966,0.9118075428677788,,0.7887563884156729,0.9650294647935045,0.9647205014154954,0.9615510199175893
amos_0140,0.8787392658299519,0.5881602858496903,0.23923135925073674,0.7231899836690255,0.5552366084168471,0.6503428011753183,0.8932560880796528,0.9311438809333871,0.7819064991494333,0.697457072360139,,0.7490785370002835,0.8083789105228615,0.9194554906694179,0.8408500489757676
amos_0087,0.9165067725450712,0.9346866984243313,0.7767389999142293,0.883469843633656,0.8719021774668149,0.7624890446976337,0.9413808397397989,0.954035516273069,0.8185581879857902,0.8977499782816436,,0.6581560283687943,0.9463335394164212,0.9282514684050862,0.9369554993169246
amos_0259,0.891916677584174,0.6124326732272304,0.43170585592331884,0.898428053204353,0.940079433603868,0.5296251511487303,0.856715308114137,0.9550974697590312,0.7019503642246444,0.7524531480311645,,0.7681940700808625,0.8506769598526559,0.9308130555904499,0.9136110821592018
amos_0172,0.8885895190623737,0.8102412436901923,0.2945326278659612,0.483566834082298,,0.34081261370527594,0.9063653047425867,0.9633317989609164,0.7315374971090526,0.7468928074662359,,0.43420523138833,0.8957342454478604,0.8968045107399252,0.8952720260916068
amos_0328,0.9157012402889464,0.8825836307306169,0.7589009522654212,0.8213474904823443,0.9238038098095095,0.8823367318820612,0.972972972972973,0.9809849115554161,0.8891860109219195,0.8930610967691465,,0.8587984141506557,0.9680131873830824,0.9697673826084741,0.9460982685662546
amos_0408,0.8707320788708512,0.8821753262824427,0.8263300789327004,0.7830426736948354,0.8817160506397855,0.7849312953527868,0.9614342728344258,0.9653809989761014,0.8442314990512334,0.8268091425422146,,0.8414693088448526,0.9537481468433954,0.9594621474320723,0.874812278813512
amos_0341,0.9190382476255669,0.9195241726073997,0.3760621949014645,0.7596228165095069,0.909985935302391,0.6795454545454546,0.9569597250478994,0.939548632186931,0.7011895784921747,0.9005517046258311,,0.5490353697749196,0.9627700299814673,0.9422603039589718,0.8722743237022003
amos_0545,0.8758364421251676,,0.6116245857023525,0.817658037815467,0.6156218675302645,0.7005813953488372,0.9657822506861848,0.9662233226697051,0.8831605392590496,0.650352862571512,,0.6426461901949203,0.9683745055601164,0.9379429674242172,0.8782815757491923
amos_0226,0.9182505241309594,0.9233269999627449,0.8118877098184132,0.8372984192878812,0.8459262812824818,0.8356896010053408,0.9568112443573361,0.9777290775936558,0.8576611881807751,0.7919561889059004,,0.7503684055408193,0.9583034454828446,0.9709078547695547,0.9346557337513566
amos_0321,0.9318056959959234,0.8966580471595551,0.7509490483691863,0.8504322158971115,0.9238019801980198,0.8033226837060703,0.9565645714884586,0.9723889544191769,0.865919461303327,0.8675485423130199,,0.7322970639032815,0.9517167381974249,0.9549452824834928,0.9286465277100338
amos_0124,0.9121632245354742,0.8724417851290064,0.8791262531583666,0.8059677928639091,0.8723904733901794,0.8715393133997785,0.9700145171786614,0.9732572173409288,0.8931333612040134,0.8033270077118747,,0.7692307692307693,0.9714693532057559,0.9779588026899171,0.9619015978823504
amos_0254,0.9196011353392043,0.8057774975640511,0.7885291396854764,0.8225147845677274,0.6856405292029687,0.8414460575007117,0.967962372585741,0.962230701382493,0.8605824352212795,0.8505426398186282,,0.8685813751087903,0.9674952748492623,0.9605899741221475,0.9481502285883693
amos_0171,0.9581046531447077,0.0841344797095178,0.7551584473377718,0.6668565325738697,0.7810948146437233,0.8518150174042765,0.9434658247237375,0.8083221210673239,0.5430903646581073,0.7895013737066697,,0.8405797101449275,0.9440836842820269,0.783889116802438,0.8983092183383242
amos_0387,0.8754541220307406,0.9034506633731919,0.8104620576703558,0.8046395821946924,0.9189134605675048,0.7887711032587358,0.9588342440801457,0.9635782538660251,0.9012968529277438,0.6613009198423128,,0.7970071567989591,0.9612448389180687,0.9659872193535504,0.9549626589134029
amos_0571,0.9269699672911091,,0.6238886208560204,0.5879938429964084,0.8728053555639762,0.6590909090909091,0.9277289099819129,0.9180421955524457,0.738443168249275,0.8385708485586683,,0.19286403085824494,0.9376258226049297,0.8683144619350087,0.7987092692186017
amos_0249,0.9169378927429988,0.8177491644462243,0.7195665895224069,0.8206464933221498,0.8754170324846356,0.8031696341224809,0.9588875007954557,0.9723554127682961,0.9111957317490664,0.8443533906550336,,0.8192004426615023,0.9581078623412014,0.9528437273870211,0.9509391914314158
amos_0121,0.8949841079588626,0.8498505704500338,0.6540392769471101,0.8165221360109539,0.8960844873966325,0.6823821339950372,0.7615353480841878,0.9581545345697031,0.8187134502923976,0.7366431536670154,,0.7092511013215859,0.9728982888723563,0.9708465146721937,0.9505897520776347
amos_0361,0.9428969996341017,0.854011131544654,0.8007276980053278,0.8551160791057609,0.9110940956270206,0.8234234234234235,0.9585046134564212,0.9707973100942465,0.8881146334282068,0.8027749910730986,,0.6607142857142857,0.957798390564531,0.9635717521142019,0.9425962672391269
amos_0108,0.8971649344289057,0.77136476426799,0.6204250295159386,0.7192169754931261,0.6719745222929936,0.827517447657029,0.9620118117736711,0.9415300770659075,0.8510278794705717,0.8979540160032412,,0.6125,0.9605946827473736,0.8531179884312073,0.7852810672913709
amos_0379,0.936016627462694,0.7771191163804023,0.8678321678321679,0.8755968169761273,0.7954814612371321,0.7482014388489209,0.9605220329525551,0.9734678587147517,0.888004339433002,0.9031519552297481,,0.7997881355932204,0.9525631841848435,0.9512380623136425,0.9532872908695202
amos_0196,0.9464091403699674,0.9266250782681292,0.7394711691621535,0.8448390677025527,0.9148306478132193,0.5644391408114559,0.9361291622054255,0.9738202377887243,0.8909200034296493,0.8901894698487884,,0.6232998225901834,0.933192416090187,0.9659118989712443,0.9508914948341253
amos_0204,0.806004661889057,0.9410909897228475,0.7974974865850261,0.8816102679336545,0.907786400269055,0.773030184241474,0.9505628364594303,0.9743861246843744,0.868613775065388,0.8456359286753644,,0.8130513933622742,0.9436570058529018,0.914485140292299,0.8960474592866708
amos_0081,0.9120001386097443,0.8104474617082469,0.7667688959240205,0.8255384615384616,0.8787746552626986,0.7280907668231612,0.9338646743111878,0.9643199639623741,0.8057772635459769,0.8699950001229478,,0.7339263024142313,0.9313034901214519,0.9203884293556103,0.9335503544000441
amos_0160,0.866057758302096,0.45459125020989677,0.20585579775570748,0.706959706959707,0.4041676762781682,0.48613678373382624,0.7873043384065428,0.9389891606666756,0.7403723742838956,0.7171140244443787,,0.40302267002518893,0.6603264417845485,0.7849215763806511,0.7657842284045928
amos_0399,0.9359506545072351,0.7599244542912141,0.7914054155933907,0.8691134098531009,0.9371747211895911,0.7762514551804424,0.9586576289660576,0.970244868863452,0.8774093048257402,0.7866675918858279,,0.737218251786696,0.9598096151455414,0.9590973504530425,0.8910250730929388
amos_0106,0.9336287065342553,0.7287103914259087,0.8048048760242378,0.854423560397462,0.0,0.7593535532433031,0.9531253011583756,0.972967409818977,0.8360080475366116,0.7502726281352236,,0.8192571072836689,0.9399326550563019,0.9688426527958387,0.970341782466031
amos_0231,0.9423266569184208,0.8310589432833921,0.7843151095895246,0.923755513547574,0.9041601128166188,0.8367203924316748,0.9507032124520821,0.9664344016040313,0.8827985165456707,0.7382170350136578,,0.7847549909255899,0.9527392992378853,0.9517160949087953,0.9473371782411584
amos_0596,0.0,0.22868030401373507,0.13208683709611355,0.0,0.0,0.0,0.00018686567861439098,0.7690638348922059,0.0,0.15940851478713033,,0.0,0.10774298509350334,0.28744713309437286,0.35025869646456936
amos_0214,0.9214323313852258,0.9247202691309722,0.8324880814048196,0.8128735819135526,0.8757426817473006,0.8003169572107766,0.9640050779597018,0.9762813221659257,0.8987071284723823,0.8667042102952266,,0.7750550660792952,0.9659166349766998,0.9667233950103198,0.9423022874187436
amos_0190,0.9164559068219634,0.8695828231505673,0.3258019893287662,0.8366050808314087,,0.6914986853637161,0.9565094242455454,0.9386762759153094,0.6816905046330675,0.8160413574243742,,0.591044776119403,0.9651684476710988,0.9162126954050214,0.0
amos_0346,0.941066066066066,0.8942976814748854,0.8276757913236165,0.8732855165471247,0.8553064537357961,0.2233152975897688,0.9643793935578638,0.944612544734303,0.6167864646688046,0.9169724937320591,,0.7654798761609907,0.9590578206917362,0.9542021566735199,0.863823252106803
amos_0216,0.9348438716986476,0.4104713081335574,0.7305329255419926,0.8487011520216852,0.8614745078860496,0.7168485296837432,0.9605448594421403,0.9673861061396756,0.8401595354039794,0.7890800299177263,,0.7551534925107519,0.9592405644143628,0.9534824449619898,0.9561818187878229
amos_0278,0.9158193526520929,0.9467350148316545,0.7887766814240381,0.8985421226397596,0.9301940788640604,0.770227067792442,0.9625233072118707,0.9673993295458203,0.9103407800281492,0.872867112552825,,0.7950184501845018,0.963913162168795,0.957385764313742,0.9569283764566112
amos_0035,0.8813695466639891,0.858933772318602,0.6643901988833003,0.8279534109816972,0.8607061599393275,0.6788475052705552,0.9441082348468046,0.9471073284450026,0.7555133481059407,0.6687963304255232,,0.5875706214689266,0.9138005640191588,0.9504394777903753,0.9153839084685016
amos_0050,0.843448126835749,0.9014571462488129,0.5326300452772424,0.70354588342718,0.8638009398351437,0.6556730596881162,0.9193625927793346,0.9343741200128863,0.7630193407355078,0.3617878949552433,,0.4909213180901143,0.924414784001225,0.9042605742513121,0.907954370796186
amos_0109,0.8964765710134399,0.22283680547684356,0.5839479392624729,0.7799385875127943,0.8281987751858259,0.5646283412669352,0.8652447293798545,0.9487755258500098,0.7740560003790212,0.6505950733462497,,0.4624277456647399,0.9150507660691395,0.8336574070338785,0.8998909857998386
amos_0585,0.947931311508335,,0.41875757051392976,0.7326355851569933,,0.6438152011922503,0.9529171535474429,0.9269089572489778,0.678742505472195,0.7986622073578595,,0.6970889063729347,0.9428063416802489,0.9666101345106379,0.6643073554497543
amos_0152,0.9399437771530795,0.8412779576917978,0.49581054638502836,0.7227722772277227,0.0059200789343857915,0.7684373388344508,0.9692938086917425,0.9466632624148807,0.7479617157036512,0.8962042466710418,,0.448062015503876,0.9680206852550398,0.9092315933575382,0.9213067191665332
amos_0242,0.9142516698186429,0.6946040073073279,0.7668453954683601,0.8358834442868056,0.46943240021483124,0.7520358306188925,0.9537230209005045,0.7979771230552771,0.8708433290274958,0.8266837465417701,,0.8478165938864629,0.9602680043741647,0.9627563576702215,0.8865138835757159
amos_0272,0.9428489752836661,0.6529551474154118,0.7959191717468993,0.9050305411819632,0.860771377161186,0.7647930988003774,0.9597477893656238,0.9728239293682168,0.8905725449909193,0.8573828430390706,,0.7451574869462692,0.9552193329649157,0.957116416905934,0.9307521549438453
amos_0086,0.9323621777109229,0.7927426488037451,0.7419532462331682,0.8453014184397163,0.9225868388898586,0.835030549898167,0.9579701257172895,0.9696326255476913,0.8486364097191714,0.8641530291014827,,0.7763599731363331,0.9627909204099224,0.9546203415987153,0.9507820870635667
amos_0280,0.9344839080034073,0.9449850787196983,0.7382362728785358,0.8541840422574367,0.8906111833550066,0.7458928952421592,0.9494270884340417,0.9636840771199124,0.8336392577508819,0.8198418311579759,,0.6447709593777009,0.9573382674617206,0.953916301480206,0.9519989690239714
amos_0307,0.8996854403834631,0.7916097256743495,0.5760826468126349,0.8048824527824925,0.9208202116828073,0.8175206341423552,0.96121366759403,0.9733563923683713,0.8439930825886551,0.7940864773208987,,0.7439588688946015,0.9618534249749016,0.9632856361385426,0.943338357794526
amos_0553,0.6788934268320875,,0.05585078670417839,0.585950692333671,0.0,0.6660854402789886,0.8778427467941807,0.9147672056928557,0.3000090719404881,0.6554744159200984,,0.3897058823529412,0.9210460647801567,0.9020769154327736,0.560699455806876
amos_0021,0.8864540775720274,0.8924108353257253,0.6529198660256557,0.6425958326705901,,0.6426592797783933,0.9466428268950265,0.9651142007226117,0.5528487076213193,0.8636802421143259,,0.6752037252619325,0.9529012951212547,0.9543173572656101,0.8547004605638593
amos_0320,0.9207237105071547,0.897025806242237,0.7996518018388674,0.8751755016306451,0.8215772500732923,0.84,0.7297733093047519,0.9757203165522672,0.8953432155074116,0.7346531477752632,,0.813499804916114,0.03137406927159223,0.9671663651102839,0.9390984886981725
amos_0296,0.8797169133908928,0.8308343216128722,0.716724292831668,0.7951744375611347,0.7535006605019815,0.7879623248334482,0.9354544302192926,0.9692753670997777,0.8942540905901037,0.7881373768296183,,0.8147065984903823,0.9086605259095353,0.971245257100738,0.923377462833066
amos_0400,0.8916100995469016,0.6842418039552313,0.695308564231738,0.5606557377049181,0.8263925143568531,0.7462131278235451,0.9273137945727022,0.9616539935265085,0.8276100324742625,0.8672813531734656,,0.7857948139797069,0.8732876105410531,0.931637519872814,0.9279722891975414
amos_0351,0.9331204803992049,0.8591142857142857,0.751693810242119,0.8781413774604878,0.9071165724799579,0.6997009323872633,0.6673420939491934,0.9632392681768883,0.8676470588235294,0.8071470645984685,,0.7640493440375955,0.8427575914707407,0.9620939327060828,0.9318942724065388
amos_0317,0.9326685946454234,0.8536093482947835,0.7590062255281304,0.8127951528111913,0.8910562685093781,0.6167172577182202,0.9562441709249018,0.8724864220426547,0.8547154317478365,0.6589001928319702,,0.45438139161820734,0.9610532525929345,0.9647521101295168,0.6311255349893055
amos_0244,0.930911343641743,0.670801172941454,0.7290398791811834,0.8318661778587579,0.9502274641954507,0.8125502815768303,0.9613967546098302,0.9740286413974649,0.897813142992407,0.9066998328100151,,0.8017463782496527,0.9598311648830006,0.9690353911941036,0.9626754460639056
amos_0079,0.9205215701340083,0.20304425606750381,0.6852161332967499,0.7973311092577148,,0.6520239607914322,0.9369023992187959,0.9318650254401447,0.56746727266134,0.6469105825653477,,0.7122861586314152,0.9325564559445132,0.860888046412775,0.5463864979420399
amos_0015,0.8810629101968945,0.8124048319967516,0.7848023325304696,0.7366371878302465,0.6773248068212097,0.8447653429602888,0.9349574572632995,0.9729936150062628,0.8099524881220305,0.7925161133897722,,0.6394869445716903,0.9272676423976881,0.949874686716792,0.9438287157920421
amos_0362,0.9013060560634119,0.11209626345788473,0.7830740623157513,0.8458053995289002,0.42221836830760845,0.8671749598715891,0.9587317183779902,0.9575891393791908,0.8054704410648525,0.8138613861386138,,0.8578640776699029,0.9671949141155921,0.9630831407338559,0.9491030409884825
amos_0144,0.9287398407811156,0.854758947195725,0.8442090878032115,0.8533786217899233,0.9026091449237923,0.8758512310110005,0.970601922642237,0.9744028748900009,0.8851427728903524,0.9110295915871851,,0.8659038901601831,0.9690359552638876,0.9720744262191858,0.9631867846444218
amos_0581,0.9449965045440927,,0.473706732597946,0.7096496266513498,0.3194553331957912,0.1968040370058873,0.9589353206534992,0.927911295028914,0.777989187015803,0.7717986850344396,,0.49303996407723394,0.9212690747704948,0.9321893872790489,0.7855645299879704
amos_0368,0.9377657220907639,0.9159450897571277,0.760906570692087,0.8379541932150852,0.8613367625380297,0.5740153915799004,0.8764081485161932,0.9586633960404088,0.7595844478040082,0.8666745920884477,,0.8459337964854925,0.9295434455110247,0.9465048866279403,0.918324938760906
amos_0591,0.8376101556737451,,0.6997264021887825,0.8427835051546392,0.886954740937948,0.6968174204355109,0.9462322526383243,0.5569562382621028,0.6692478357332405,0.5521578173335362,,0.5134649910233393,0.8550108459869848,0.9524326808581755,0.7310688606736001
amos_0576,0.9386288695309809,,0.2728540440037186,0.8428739693757361,0.0,0.7606752730883813,0.942287921309289,0.6442074286661216,0.7226131879754302,0.2138157894736842,,0.7450980392156863,0.9355099112027985,0.961316886231562,0.7764778055299943
amos_0568,0.9059023854612581,,0.5258890108961906,0.6930387875674288,0.760624564567026,0.6033323589593687,0.9567857200323959,0.929708598445229,0.7812904009989061,0.8641334623391093,,0.5848787446504993,0.9137337964924171,0.9261830991518194,0.7507515661669155
amos_0390,0.908234314197587,0.8589707808239765,0.792033856111526,0.8362882322446864,0.9302709218958188,0.604301809491294,0.9365310646290682,0.9558831354459667,0.7734259844177722,0.7450908163554447,,0.48911465892597966,0.9324848991934004,0.9558680132774884,0.9177378102094348
amos_0018,0.9458219288359362,0.8786833520509119,0.6272665740443875,0.8205996131528046,0.8787975018524399,0.7433563887877684,0.9611590931396604,0.9653035754331568,0.848385778504291,0.8509380953918687,,0.6385786802030456,0.9513512189746164,0.9612244283088789,0.9251430035003841
amos_0517,0.0,,0.0,0.0,0.0,0.0,0.0,0.0,0.0,0.0,,0.0,0.0,0.0,0.0
amos_0191,0.917174236247662,0.9563905941330161,0.7981888604004146,0.8005644402634055,,0.8729261622607111,0.9585850956696879,0.9684622790737026,0.9137164367515438,0.7745175301944541,,0.8173624288425048,0.9501201528893342,0.9488347196796951,0.9442419646242723
amos_0342,0.9244011001218101,0.9194974897949608,0.7941280899151536,0.7197795224194513,0.908209038914433,0.7058341862845445,0.9695847261119643,0.9551260511731473,0.9116156103713405,0.894878842129151,,0.7765772046009063,0.967039644441358,0.7750436412368891,0.9309084432986193
amos_0089,0.8700754895022411,0.9449295946560735,0.8005429493418019,0.8371103777044371,0.9347059914672603,0.7370827617741198,0.9571264000888284,0.9734754384539,0.8873903589142172,0.8857517711886644,,0.7505022097227803,0.9603539637292108,0.9654651162790697,0.9517833105759081
amos_0099,0.8620870392620128,0.551495308620273,0.7564636040834443,0.7556223938751795,0.7897669975054402,0.7344351369707947,0.939395562857534,0.9632314766599842,0.8326269448470099,0.6551987925651788,,0.7096269240803548,0.9207869176315645,0.9286159323542501,0.9386890787446407
amos_0350,0.9082632603718681,0.09614031944909125,0.7770728449604438,0.7608345506985804,0.8904134650567143,0.5196205260888314,0.963883372667039,0.9619369544285491,0.8906947023221046,0.7027384356046208,,0.5330623729873378,0.9635484055647793,0.9221670024263515,0.9343559170400508
amos_0377,0.9348518095002627,0.8972914358454539,0.7270456277088719,0.8821924925314976,0.855413584398117,0.8413857026995714,0.9205713780435849,0.9566924122541663,0.8413976012824494,0.739415767273782,,0.7710904054394359,0.9418587571479945,0.9470321373347511,0.9417448288101169
amos_0228,0.9053627143815585,0.3976627416786436,0.7705821299953329,0.8780440383026297,0.9169362676572007,0.7504916136495083,0.9513593967056956,0.9682911992564057,0.8388031523719623,0.7883129716133669,,0.641279261457303,0.7077485904912162,0.9368748029947492,0.9442018707530291
amos_0141,0.9544339365472121,0.47119829323219153,0.7724406088482147,0.905244856563315,0.7474635163307852,0.8491142333536957,0.9462888372340614,0.9557085796817323,0.8719864176570459,0.8935758045378599,,0.8229363579080026,0.9488771916537282,0.9323198994422186,0.8867234130897389
amos_0365,0.9296006230799186,0.8356572144759518,0.7586134084110505,0.8914043806368489,0.88846126434324,0.8499308437067773,0.9604708109554088,0.9643301135224094,0.8403798727399071,0.8282953036712261,,0.7884955752212389,0.9496149242857886,0.9562490332972431,0.9281119024590404
amos_0255,0.9040541775630121,0.8899172673247548,0.8165196153930779,0.866765261995245,0.9223779008725246,0.8499438947261042,0.9644439975558632,0.9791685318579734,0.8644778156996588,0.8940034140104237,,0.5602483457233887,0.9620187424102403,0.9670509631280881,0.9595226867324135
amos_0051,0.9179352954792301,0.6442903472460253,0.587365274171977,0.735678762202984,0.7946806367116663,0.5925441465009811,0.7419592744909311,0.9569958233890214,0.750709823963657,0.6932171005493193,,0.670299727520436,0.7558499839726467,0.9290278297284895,0.7982399962048435
amos_0403,0.9522662151601979,0.8476890390442687,0.8528148854961832,0.8025505716798593,0.9578390808320446,0.8571817192600653,0.9637414657192882,0.9749149679379783,0.8948782743578727,0.8728389685892834,,0.8056900726392252,0.9486963031393849,0.9665988789390936,0.9279037447408
amos_0132,0.9068955006916603,0.665899859818123,0.5493997632869301,0.775991924838885,0.6785596299966964,0.6717724288840262,0.9455855237768535,0.9159571017580684,0.7060758938363676,0.6770678553739475,,0.6821885913853318,0.9537863893692115,0.9090870142667409,0.8361499736162809
amos_0177,0.9116581898644508,0.9517784603774475,0.7042148452070123,0.8052010134327645,0.912751677852349,0.8613376835236541,0.9664416922725992,0.9634574154280041,0.8310803752376574,0.9072962908759777,,0.7060185185185185,0.964165272235809,0.9697985135541521,0.9424993338662403
amos_0406,0.8805201300325082,0.6152694610778443,0.6689711078141968,0.6415770609318996,0.8467241033860949,0.34598589183742023,0.7074802808355725,0.9624075335138748,0.7645063477924439,0.8073775883389902,,0.5625920471281296,0.8032771575327928,0.91854793266183,0.9345906570149827
amos_0264,0.9353224536635486,0.6643521676261152,0.7592168697809435,0.921643156798153,0.9134667387777177,0.7786793508673755,0.9589106440841526,0.9683594806558471,0.9040276348669705,0.8239642761133845,,0.7688198154443905,0.9472079778099053,0.9590770542195128,0.7071421206899091
amos_0202,0.9278076114872753,0.849436744822141,0.7296509967441595,0.8626327321759649,0.876127341401372,0.8229885057471265,0.9582962995555947,0.9712589368548479,0.9199818594104309,0.7798968401889819,,0.7335824879871863,0.9529275465644773,0.9647939312170659,0.9442034576963984
amos_0333,0.9339876238070324,0.747262072074461,0.5392559989189398,0.8635181975736569,0.7159000935723026,0.3442221314822376,0.9216551580914802,0.9731435375993905,0.8274983067545102,0.8281195179756696,,0.7638587492602091,0.9230968493993459,0.9653438881256569,0.9069237510955303
amos_0570,0.8929119219149431,,0.13060360042357924,0.6834704165561157,,0.6317388003037205,0.9271467943138961,0.48243169437170025,0.1863996662494785,0.7069751538636881,,0.38404452690166974,0.000894741672019822,0.9245227749841332,0.9156362185879537
amos_0027,0.8967055160516683,0.8670035532932512,0.7634993499084565,0.4691978878551672,0.8198933507454566,0.8028985507246377,0.9561108972912713,0.9725456828175484,0.8068685573893073,0.8738527313706811,,0.8094555873925502,0.9609270451905119,0.9387602128775954,0.9122185786899077
amos_0147,0.9619232707118693,0.9219716208944233,0.8511281224818694,0.9042729380589599,0.9587335332751225,0.856559051900286,0.9191995799544951,0.9622782647185738,0.8515269839473337,0.8612688768546647,,0.8389982110912343,0.8780791551470771,0.9373472238389011,0.9557766534234327
amos_0397,0.8728200098087298,0.6597780198828817,0.5459177384229773,0.7204771371769384,0.8385920947716141,0.5992217898832685,0.8924869922792884,0.9595455608808057,0.701001869517281,0.5833419129002368,,0.44011849344054166,0.8454018474029139,0.9449189942825851,0.8883991308409946
amos_0069,0.9155853570134107,0.8378506679928567,0.7697325717253019,0.7760072158749248,0.9124218051831993,0.6509834168916313,0.9361987741249177,0.9545396147595592,0.7863262220729044,0.8024369848285748,,0.6680244399185336,0.9495184997465788,0.9517492230173707,0.9304826122127076
amos_0356,0.9200386753686246,0.8019241124313458,0.47117817759721414,0.6299144373443084,,0.5570145127850725,0.8848313821910536,0.9650086258173777,0.771908221483397,0.6655099666791537,,0.2872340425531915,0.8730048969108536,0.9641015454292639,0.7263006052599622
amos_0138,0.9199430072576695,0.8831322519194135,0.5216037368625924,0.6914329037149356,0.8482160328745678,0.4189100459619173,0.9208255718649877,0.9654165084658279,0.7981564011731993,0.5601231217852659,,0.6396508728179551,0.8846417451583214,0.8359622977471549,0.7938608489490722
amos_0032,0.925204790034444,0.9139524704549551,0.8039882166326762,0.8495695514272769,0.9170968721530519,0.7889009793253536,0.9545707308817485,0.9609909401398682,0.8792120269569725,0.8767252751580067,,0.791219056515647,0.9593391652343449,0.954229094524634,0.9618431977226901
amos_0544,0.753251207075493,,0.19380507938868852,0.6805849528574177,0.6878201479795105,0.5454545454545454,0.938188917098903,0.6840936411592756,0.6439598610575068,0.25409663865546217,,0.32273545290941813,0.7936704933291964,0.9028231539872573,0.7466814749949274
amos_0024,0.9332116788321168,0.887574945065143,0.7414250230247551,0.8387524883875249,0.8372578587170861,0.5570422535211268,0.9501003877042371,0.9613756634772097,0.8395774699367667,0.853801856857445,,0.6792849631966351,0.9397543507145867,0.9476346555862389,0.9314043155288292
amos_0030,0.8933328021883175,0.7728779840848806,0.7520730091752122,0.37432963889882015,0.9252723645849317,0.7528795811518325,0.9725014223402237,0.9775258408112333,0.8361852339356228,0.8427644088912203,,0.8190618019359642,0.9710360892725622,0.9657364187108948,0.9015326190153262
amos_0085,0.8848008531552836,0.9427937208020195,0.6439252336448598,0.7839300582847627,0.0006489292667099286,0.833409402099498,0.9623371513508787,0.9172518389086415,0.7684007707129095,0.7237953108431843,,0.610011641443539,0.9648419915368687,0.9072187568567219,0.8547101449275363
amos_0547,0.9117959617428267,,0.17775406142535277,0.40888308295231873,0.0,0.8181818181818182,0.9450371185042618,0.8739780965602345,0.7032840090213983,0.6067458074241567,,0.6326241134751773,0.936535120984513,0.9583173194507529,0.6896252743382014
amos_0136,0.9081095565295615,0.6276926432895239,0.8209417596034696,0.8115699969632554,0.8521836506159015,0.7528662420382166,0.9659667344020472,0.9768853507711991,0.8775505401143772,0.8852864404451161,,0.7583212735166426,0.9564048346255254,0.9684782334702932,0.955224313093672
amos_0034,0.9281848016025231,0.22391265636825,0.48190205819730303,0.6537647414575144,0.77280961006769,0.5572672471533825,0.9559073391073722,0.9513116611973917,0.7902484435910863,0.820856139738753,,0.5723172628304821,0.9587760824072005,0.5570567859077701,0.6648428095736865
amos_0279,0.869760999549701,0.8678734178321297,0.667773430080158,0.8378147120595327,,0.7975992848933725,0.9505168958997245,0.9664950852598072,0.8163121193397476,0.7578397629904094,,0.7336467213767828,0.9293354276524927,0.9579456696325771,0.9234037947451217
amos_0404,0.8887983074205633,0.5384222619351544,0.6918857467670882,0.5727332028701891,0.775265501884207,0.6166740185266872,0.9430789346008043,0.9613010810912745,0.7440072013602569,0.8168312033562716,,0.6360179744210163,0.8643396641490064,0.928645359596023,0.9020602294885932
amos_0385,0.929268694712551,0.9077655194539006,0.8132748426473393,0.8450654089169707,0.9380957850005742,0.8898534997287032,0.9529897308339007,0.9742877007836469,0.821825251382404,0.8143348770021668,,0.8107960741548528,0.9506220574521801,0.9669295198004815,0.9194679024252547
amos_0283,0.9332433290978399,0.3337907968685504,0.849568385977903,0.8341091044498231,0.8835493330810709,0.8242692046227057,0.9692845943770616,0.9772816524330727,0.9231656437385619,0.9083039174796294,,0.771768043979429,0.9690272612983791,0.968062217597701,0.9498328316061486
amos_0159,0.9103313127472416,0.9554550874979015,0.8123225030084236,0.8625768171222716,0.9274447949526814,0.7736450584484591,0.9680484848484848,0.9706984324878898,0.9116098642283181,0.8862727854173329,,0.7577777777777778,0.9678512331573557,0.9648207756871986,0.964920316151687
amos_0129,0.923988412787878,0.8765843353916152,0.8633725163840632,0.7874835758431067,,0.8342002600780234,0.9665144919842871,0.9717844423046613,0.9231336405529954,0.8601032277944688,,0.8597353497164462,0.9632533353780095,0.9631562444006451,0.9581087826156149
amos_0248,0.9130429969446043,0.9248366268220891,0.7010488855590935,0.8983429826312638,0.9245017158700939,0.77788513150832,0.9641545098876532,0.9715682585684701,0.8417928134112481,0.9176916398364866,,0.7601021481147664,0.9617282589664944,0.9676663017524503,0.9366084579634502
amos_0592,0.7712307577998879,,0.8118680377035132,0.4588491033150172,0.0,0.5915148822745446,0.9077402881956408,0.9297786993807629,0.7277473995806438,0.5868582069699388,,0.14244064972927947,0.8885846595619906,0.8818353899870661,0.8780837948240535
amos_0176,0.9081480944265149,0.5274802871601741,0.8024940286006762,0.8425493716337522,0.8520642201834863,0.8012422360248447,0.9654360078525742,0.946616901852288,0.8881323795570111,0.8898149775311928,,0.734375,0.9676900456184887,0.9515893220460285,0.9432645140423697
amos_0239,0.9107009220787576,0.8987376883477116,0.8294941139039135,0.8431872879635804,0.8860231950398825,0.800665004156276,0.9618625713006476,0.9730459276388067,0.9054497281988032,0.8871074892599318,,0.8123635141945238,0.9577209739719746,0.9576724232757673,0.9512339306291525
amos_0166,0.9413848631239936,0.8435571134649089,0.5646810475625041,0.8424068767908309,0.757428594946086,0.7116806308526368,0.8362225605264451,0.9503484013648769,0.8391429732711402,0.8431954955187644,,0.7021040974529347,0.9080653188917593,0.8701312752452395,0.883490550747188
amos_0038,0.8889712591240876,0.9064153306412119,0.7786031853227531,0.48136815648562997,0.9000841987089532,0.87017310252996,0.9607582279031347,0.9773913871151063,0.8630334097756194,0.9090909090909091,,0.8181208053691276,0.9434580229443125,0.9521874874914942,0.8964415239326368
amos_0268,0.9148471389673987,0.9536411907739742,0.7827234826541563,0.7790811904073967,0.8943106604703562,0.7994416819331763,0.9624269527284699,0.9723367283337063,0.881765053312195,0.8624026618137511,,0.7254811393379522,0.9630529530596338,0.9596041262228313,0.9382944710402146
amos_0194,0.8787045666356011,0.6071402368339961,0.44382487208554183,0.6816261879619853,0.5791618768941373,0.1345065996228787,0.34337315291853027,0.9375705698453827,0.6224257728563138,0.643849391084131,,0.13816343723673125,0.3883807120608761,0.8187793096773626,0.9060302940563544
amos_0398,0.9414395738318696,0.8696997713006667,0.8658958585081841,0.8776009791921665,0.9056629365886741,0.8262335274287466,0.9609287840732146,0.9768754645047457,0.8834613131032781,0.9270123347774497,,0.7505258729490955,0.9356130923302394,0.9491060928109794,0.940199128256781
amos_0023,0.9108034566276949,0.8025045473625297,0.66025891115446,0.5642127888232134,0.8328578063831199,0.7130852340936374,0.9591774329179726,0.9582122334728386,0.8128283658275441,0.8390865395671872,,0.7099125364431487,0.9588591713079135,0.9351783362499775,0.9133638141405238
amos_0188,0.9125988012002252,0.8524225444957152,0.7353237168735324,0.8607813292744799,0.9260834249128004,0.6776447105788423,0.9674731491036961,0.9658837873157483,0.8806697948293312,0.876844998942694,,0.7890137328339576,0.9643948206694861,0.9378798331198055,0.9395006537050314
amos_0105,0.8802562057045079,0.7713263988841571,0.5698858755675543,0.8753494150533182,0.8708609927672645,0.7731691510045366,0.9601791475684912,0.96602618646895,0.7920254385651506,0.6784935793676486,,0.8088393048701995,0.9530436995102093,0.9459145377302776,0.9298425849212925
amos_0223,0.9350307555773174,0.8872357825868143,0.7434754534113207,0.8383632660618404,0.8912959381044487,0.70939161252215,0.9687703528520553,0.9694675444633998,0.9160107534186749,0.8964263593030458,,0.6652601969057665,0.9682158913630089,0.9638087342937426,0.9488263736975763
amos_0562,0.7791881074899942,,0.6335660291627081,0.5479972375690608,0.8289358727939892,0.5620758483033932,0.9452201192815527,0.9675719527314479,0.8981324278438031,0.871838220950647,,0.6891701828410689,0.9475318044011198,0.9780831770838789,0.8210916390025477
amos_0598,0.8673739046872432,,0.29715025906735754,0.6900747876790467,0.6693290734824281,0.5066430469441984,0.9077825305765074,0.9538133865801406,0.8294703445844717,0.8407907122685911,,0.6517690875232774,0.9549866657088725,0.9306667149531018,0.7827247444960093
amos_0126,0.9140646433640951,0.5011483950478964,0.6839958699019102,0.7390339372906662,0.9297093242733107,0.3248,0.9424003140428487,0.9215014531269139,0.6127370639194568,0.5940276406712734,,0.4494949494949495,0.9329321174213555,0.9525438931614704,0.9005303948411808
amos_0103,0.8900695337695506,0.9046258793434235,0.601778609133998,0.6299033541785105,0.6630116959064327,0.7360063517268758,0.9219143203406728,0.9589499986270903,0.707282225298031,0.7410546515811778,,0.7717353654312435,0.7241679599931022,0.906464338915353,0.9153711423493295
amos_0589,0.8514086897488119,,0.36621740170667516,0.5495671600111701,0.8724659994867847,0.4599659284497445,0.937139570000719,0.9662098812328596,0.7902902732982515,0.7328753201349648,,0.6749611197511665,0.9299195093905711,0.9651293588301463,0.8333729175855868
amos_0005,0.9000084726615454,0.5867912863221443,0.38826416173659095,0.6258258258258258,0.7724737604848272,0.0,0.10851610005947251,0.9216638742297038,0.5570231501207215,0.6096044221799966,,0.4267425320056899,0.8143782120147499,0.10770544741701168,0.7753575610092059
amos_0587,0.9182511340604189,,0.3937194489705229,0.6029173419773096,0.39388646288209606,0.265466816647919,0.9539413354200545,0.9326729625435636,0.7983615426230776,0.9375086665125953,,0.4947589098532495,0.8803106080547513,0.9454741970349578,0.6721912937543383
amos_0212,0.8919370349749456,0.5915196426628783,0.5642874309060322,0.8497482628053094,0.32433188750524694,0.24802867383512545,0.8546381713817138,0.9491930720881211,0.6058146217314561,0.6956647381444043,,0.5428907168037603,0.8410832853805872,0.9515584937086822,0.8874259802688286
amos_0396,0.9418451761354298,0.8132133205279968,0.7756439053608865,0.9228374471870135,0.9133107514740936,0.8544726301735648,0.9577766528664148,0.977107005202482,0.8621321317306021,0.869878785245688,,0.8283828382838284,0.9554398973335234,0.9625999625140572,0.9078562921195857
amos_0292,0.945867020634729,0.9651000207988439,0.8188020536223617,0.8827238335435057,0.8806656101426308,0.6965699208443272,0.9231053263177329,0.9603915889312935,0.843885667667026,0.9009837050386724,,0.649890590809628,0.9457752423086998,0.9252133383597793,0.9566582229386598
amos_0153,0.9130211297339966,,0.8278205256320575,0.8527436377758487,0.7364141806659891,0.6923497267759563,0.9649226510575107,0.9690903718937217,0.8956070722411669,0.9220546780616582,,0.8599388379204893,0.9648025832966388,0.9715412813588982,0.8880128158642467
amos_0001,0.9269131556319863,0.8272890106416605,0.44291038243165504,0.8233349404228941,0.6350201522615315,0.6680139628881132,0.9196630119316349,0.9615796527777383,0.6970498043777096,0.7352261517047528,,0.4005235602094241,0.9184153252859582,0.9458189552645277,0.9217845474465235
amos_0125,0.894770126775892,0.4807129577021465,0.03981611922592126,0.633498397902709,0.7907176096007837,0.5570824524312896,0.8370532494136753,0.9235731572582817,0.34118163699625037,0.651402065397904,,0.096579476861167,0.8353246387909949,0.945475261494843,0.7324230411589097
amos_0071,0.8837441626297303,0.906486423394841,0.8274052833872247,0.7915092833962867,0.8269379165205191,0.8141689373297003,0.9531528144798381,0.9680138042766626,0.8719859710653223,0.8666095290038568,,0.7904461469130238,0.9542920597175641,0.9633040323705874,0.9528421479640992
amos_0155,0.9246396929735027,0.8491168611093006,0.6419547620848778,0.7731565451247733,0.657164105106594,0.8331122313611038,0.973244288700981,0.9465713123877197,0.9197430033758032,0.9041871625674865,,0.7845836200963524,0.9742778347417176,0.967091500933683,0.9588114294627451
amos_0309,0.8818701894730132,0.9402619956863147,0.8325440841042504,0.8201698145901923,0.8589929799080126,0.787991104521868,0.9599399031173573,0.9742497609368987,0.8993591610836004,0.72161385096388,,0.689886384801639,0.9607180544207073,0.9677188052264102,0.9322253859414648
amos_0237,0.9104170069727486,0.7725755723723063,0.8266775812062919,0.8296976226789987,0.5529757807121848,0.8695139415382024,0.9584171226363623,0.9746644874581163,0.8862851740511372,0.7939138657268117,,0.8422679416594224,0.9591879640455737,0.969267836194639,0.9471730215311779
amos_0358,0.9200658668548577,0.8429354734506035,0.4920258487688334,0.7678504672897196,0.8644974041796974,0.6526028715809737,0.9342969418160404,0.9642659262164839,0.8059035538105306,0.6852398921832884,,0.6171991084695394,0.8442979514959968,0.9429819033709698,0.9056740039805027
amos_0225,0.928277571251549,0.559207286573426,0.778827320401845,0.7989876524273334,0.6433891992551211,0.773603806661658,0.9461823654363178,0.950803973086935,0.8600244648318043,0.8873444213353849,,0.815913688469319,0.9399860813558397,0.9572566316511331,0.9074044096893626
amos_0017,0.9304278041854436,0.9084664924531266,0.7152548371873525,0.7049920663981447,0.9088634202492367,0.7810402684563759,0.9536110513731989,0.9469864257639068,0.8505610703495899,0.8206631762652705,,0.8038233955393719,0.9519909919131948,0.9468004722550177,0.8816408152038567
amos_0054,0.8972821663258621,0.8282916331839665,0.7204994876076972,0.7732099101551865,0.214214463840399,0.6604774535809018,0.9283396303321994,0.9571309174750681,0.6195154195063023,0.7113841655498895,,0.6869488536155203,0.9378029851624625,0.8853166929638285,0.8650517529456865
amos_0308,0.9548337620424662,0.9228937275763949,0.6542773917430148,0.8021355767675133,0.7757419354838709,0.7774716865625957,0.9624536683360213,0.9811849501409357,0.8643413038574329,0.859899510908575,,0.865063788027478,0.9639374709797245,0.9660586491891762,0.8778704637489508
amos_0119,0.9011066985591174,0.9559563139125556,0.7648746107195542,0.6152004787552364,0.8659036098457298,0.7744034707158352,0.9681654085986215,0.9583878393203809,0.7706734867860188,0.8880452788514632,,0.8020969855832241,0.9646709497720495,0.9389971418928444,0.9077467744191803
amos_0288,0.9222502505269705,0.9319334725864966,0.8875919224932882,0.8554326138218755,0.898812351543943,0.861003861003861,0.9680479325925461,0.9730618646405561,0.8955040719943476,0.9132254615956078,,0.7603725656223539,0.9657909501963761,0.9518215706543871,0.9523425768817898
amos_0311,0.9303052657463028,0.4314996663170941,0.7709266030500312,0.8077579447442461,0.0,0.8574852093162585,0.9630591831871625,0.970217986380024,0.890628293179258,0.8474409597724625,,0.6308802980903586,0.9623998552658977,0.9648666470490947,
amos_0582,0.7883946594031956,,0.5338857117125231,0.5246776345042241,0.0,0.0,0.9310220504463449,0.9677700038580774,0.8416289592760181,0.8130056479926728,,0.7657142857142857,0.92839620293668,0.9486358544429588,0.687766809963901
amos_0532,0.937601005566529,,0.3942281998753006,0.38290293855743546,0.42720178372352285,0.5378151260504201,0.9244066278549037,0.9499176423451898,0.6512370311252993,0.8083987310068459,,0.6060606060606061,0.9283777874945344,0.9492070575456883,0.7799458473129672
amos_0257,0.9379831468151986,0.9490693739424704,0.7370959961408586,0.9177350427350427,0.8696294568218049,0.808944099378882,0.8975766087370772,0.9561615111609152,0.8615490061686086,0.7560589958267451,,0.7891566265060241,0.9625213598918616,0.9548457040201953,0.946319834683443
amos_0363,0.9207818423514352,0.557110349697905,0.5725924378525172,0.6242571582928147,0.798991910897931,0.6519097222222222,0.878538713981752,0.9552717452840103,0.7847808038047991,0.8125428879521616,,0.6550556361877117,0.7481079409998632,0.9433151287325342,0.9012885268391128
amos_0364,0.9179573303477017,0.5252298955375517,0.7921969957573672,0.6698789375414081,0.8901496745758536,0.7086614173228346,0.9549725932610352,0.9542396809091886,0.885776830135039,0.8012633773879979,,0.6625307519520804,0.9515422846323761,0.9408966511954733,0.9081529345804947
amos_0092,0.8716997253585597,0.8794154259016764,0.7435671080595063,0.8059889857732905,0.8603682798186361,0.7375776397515528,0.9252190797373598,0.9677619605991309,0.6779648222238998,0.8467754297602103,,0.7181865018031942,0.9585832573986768,0.960280896708724,0.9364922536467554
amos_0573,0.8605661068382776,,0.2912846250361934,0.8289855072463768,0.8741833508956797,0.6186440677966102,0.9561976515849797,0.9085569648575704,0.6133618576458528,0.570938116899837,,0.7412429378531074,0.9531476336349173,0.9526940491917348,0.6700196939857598
amos_0078,0.9388028529771053,0.9530945952388176,0.7644148893033818,0.899311075781664,0.9366040783363618,0.7480785653287788,0.9473927037447959,0.966455211402426,0.8593771754768645,0.8357403906742281,,0.75,0.9398659876708657,0.8994039466831273,0.9543755217596458
amos_0313,0.9451396714311132,0.8210997975039853,0.5032520158394714,0.8157087126137841,,0.7127921279212792,0.9603366615967784,0.960286251239115,0.8908816610919774,0.8635142328458087,,0.6021699819168174,0.9615994192294008,0.9655880462152334,0.9526196760735075
amos_0067,0.8890896509303399,0.7138028557632614,0.49339275334237553,0.5588618850029639,,0.7359721618094824,0.9434146728144693,0.942145951915725,0.7393421614694575,0.4133142191559896,,0.6953966699314398,0.947926238278054,0.9183554503994787,0.8307090596446273
amos_0276,0.9355219379476505,0.5401138992703328,0.8538390379278445,0.7946496638713701,0.8638665258096244,0.8352969463813417,0.9563350800884759,0.9756700362965189,0.8917063368657752,0.9067478216045283,,0.8252165270481329,0.9525847719598611,0.969871874825274,0.9518104091480588
amos_0094,0.9081169985775249,0.8682470619203196,0.7387261273872613,0.8211972522080471,0.8524470416362309,0.27102803738317754,0.9284390545241734,0.9652121392769459,0.8008038620328098,0.7619414681774969,,0.6112115732368897,0.913740602010294,0.9530771789753826,0.9277104705318046
amos_0378,0.9219370351730694,0.895217760442498,0.8154911981828507,0.8469483568075117,0.9247157199541957,0.8110421570725445,0.9513405729532772,0.9698299062157999,0.841558865094032,0.8544074159518467,,0.8357264541250913,0.9529500688015607,0.9686943299054892,0.9507258181818182
amos_0134,0.9282834911409018,,0.8009140361165599,0.7227406827623578,0.8887134964483031,0.854537559704733,0.966131907308378,0.9579935544339581,0.8483698296836983,0.9055809658785887,,0.6470294558162756,0.9641313098184203,0.9672486827151565,0.9422381058744695
amos_0075,0.9273062800829481,0.7585419411506368,0.7357343781394414,0.8087897671367662,0.9106498194945848,0.6789858186506231,0.95466493741098,0.9483323881907325,0.659825394394241,0.8091063915047084,,0.5755287009063444,0.9594110876411884,0.8581164154986476,0.8654351242348649
amos_0197,0.916455619417358,0.7387698346170156,0.7599688825315566,0.7389697154678333,0.8023884260461165,0.767590618336887,0.9720485348294859,0.9697606814127407,0.9037531603623064,0.7988484438725437,,0.7319461444308446,0.9698756181214617,0.9643087021820691,0.9523944430454125
amos_0372,0.8992402443135933,0.9226426773408163,0.8553294754526788,0.835959325064253,0.927671807976636,0.823294176455886,0.9567354471492721,0.9743192529457269,0.8425343798393181,0.7998384666759859,,0.616282462795448,0.95356362130565,0.9449168789558001,0.9206184676513778
amos_0384,0.8557258264794823,0.9507184628504083,0.7851317133224214,0.7408029094978319,0.894175636253898,0.7428490911652811,0.9387036677891594,0.9537709125517256,0.8559895590565861,0.7011244448644052,,0.6631474760805015,0.9210435413693602,0.9019306354174248,0.9124911364949977
amos_0052,0.8722630647296156,0.06581985774376631,0.7332177597996725,0.7779254477564711,0.4736236773500997,0.32439382806759737,0.9354723050288372,0.8624451578674808,0.7944526711470554,0.5911763202290271,,,0.9286881212479087,0.8109962130388769,0.7159559240887441
amos_0583,0.8844090646064341,,0.3868100358422939,0.3092155369383092,0.6571046089118379,0.0,0.9198400224093123,0.9665737461043973,0.8229251148959178,0.837775065937094,,0.4574780058651026,0.9451420786978011,0.9721288047989457,0.7224119230305709
amos_0167,0.9249526728567565,0.7587091258815987,0.7023756385458513,0.8302250803858521,0.8582153216174714,0.7436208991494532,0.946313606120195,0.9780209051398953,0.8401633146831997,0.8698667745571194,,0.7113513513513513,0.9418140971637181,0.9358415841584159,0.9252866095613149
amos_0044,0.899433385447267,,0.3162064862096495,0.742963844173054,0.854291918666212,0.533135509396637,0.9508257950497846,0.9626760892066342,0.5620136186770428,0.7459256959121733,,0.69869261173609,0.9499220901402378,0.9295843361738112,0.45392165549287733
amos_0157,0.8971883807114485,0.7921647702722167,0.8341668132586133,0.7873325213154689,0.8888393354889063,0.6850351161534306,0.9687288191906439,0.9710732962563293,0.8170291722502835,0.8929905395457891,,0.7645951035781544,0.9634485729922333,0.964354527938343,0.9558654963112263
amos_0293,0.8646007992839223,0.7819494293664556,0.8006431267381804,0.8246549602360694,0.22679682363057002,0.8035714285714286,0.9362123187849966,0.9312487610186739,0.870093769215003,0.8057986402479749,,0.5750305002033347,0.9490501102082078,0.9500784413390634,0.9440227245493102
amos_0233,0.9253995772535514,0.8769308900080409,0.788683474769371,0.8642140239098414,0.9168079978577167,0.7907482148401118,0.9634159353410334,0.9625852175101891,0.8873283515711219,0.8393460017362786,,0.6845908250714166,0.961635573247444,0.9698348836636845,0.9744443378189844
amos_0367,0.935276775960373,0.8214949263970273,0.7625847769446489,0.8162097295301394,0.8618079768687814,0.780327868852459,0.9485598756308442,0.9578208869066984,0.8667173147316803,0.8070374172537081,,0.8098110172899076,0.9516307855239861,0.9316260880534881,0.9399735450699452
amos_0058,0.8656283955088736,0.7793332542413097,0.3043435694938485,0.7840678946860835,0.8621364927053755,0.0,0.7866887295458724,0.9560776419422364,0.35921453752746224,0.7383710942719169,,0.24253731343283583,0.6352714607045866,0.9081584659913169,0.6946195744017055
amos_0179,0.8972071343854109,0.9394621473934995,0.8046187836091542,0.8494181728150533,0.9511172580714873,0.8375607123583378,0.9678850668791866,0.9692752367005567,0.9160059248932648,0.8967841375166541,,0.7639691714836223,0.9655928384385848,0.9445752616894553,0.9641208996798736
amos_0115,0.9201311940430813,0.9244037518804387,0.34292972057578325,0.7878043493967198,0.9002004967531496,0.770745428973277,0.9148818686017249,0.953076760393066,0.6593940222966965,0.7251019396355468,,0.7443565502604669,0.9015509906019812,,0.5590189027737884
amos_0203,0.8939729336955256,0.9316887137181062,0.2737661620259283,0.7771779679613781,0.32624189930467734,0.6126590433242068,0.9561178220978427,0.9583305447689131,0.566726081211702,0.8413043616905935,,0.763849271881099,0.9456124606033797,0.9589233283067372,0.8850703549239034
amos_0401,0.9196189839572193,0.7129565657961402,0.7847944189706573,0.9048201365535514,0.9109395180126955,0.837730870712401,0.9590400180844317,0.9742770531344112,0.8641253263707572,0.8183694530443757,,0.821032775288847,0.9511346564402625,0.9638330735785836,0.9464442556108568
amos_0042,0.9251239830151373,0.940782048452187,0.7672818608714644,0.7437329523314716,0.8359580052493438,0.7927317523868186,0.9389097822044055,0.9639743457286591,0.7645481049562682,0.7570121210485112,,0.6430260047281324,0.9326203393643624,0.9519745146360522,0.8717290411770514
amos_0586,0.8698850280633865,,0.7403331350386675,0.714548802946593,0.8575973053892215,0.7058538945331398,0.9514989231991222,0.9685931324960978,0.7774562900314069,0.8797572515943222,,0.7900280898876404,0.9627893854135645,0.9419265878530046,0.912041884816754
amos_0258,0.9191020390660177,0.8339203406529937,0.21983742915626442,0.8241611534696057,0.813245141270619,0.7980952380952381,0.9237604168069037,0.9599883192190564,0.8228907277086073,0.798641241411256,,0.7840207859694706,0.9490156344549049,0.9492869603743804,0.7702578268876611
amos_0063,0.8835391779712493,0.08886500482430963,0.3338114486895293,0.7498197548666186,0.8707560991145933,0.6663851351351351,0.9532223253525379,0.8557062554793461,0.848344411244588,0.8140154113043128,,0.5199709513435004,0.9455621710639964,0.9592724859980876,0.8991003467784094
amos_0282,0.9406013485002199,0.7060129016985264,0.8492383696994648,0.8831938420184495,0.9191173192659187,0.7759937991363083,0.953224549301508,0.9656295231395955,0.883608834954209,0.8426801995527267,,0.7221221549042083,0.9554163560495309,0.9685824295448131,0.9065299103908412
amos_0235,0.9342969033872986,0.8755027102640321,0.6864303004414068,0.8680469289164942,0.8796531619076096,0.31753668510945393,0.9528428341449943,0.9566378008630677,0.741096761569318,0.6295354167831386,,0.574973600844773,0.9561457653096216,0.9579946906887272,0.7801966559033614
amos_0559,0.7639916928483945,,0.6545880254208942,0.5057328788348311,0.7212435233160622,0.7868106878908471,0.9562828258295637,0.9715072194758541,0.8984493412615133,0.7564061327329259,,0.32854209445585214,0.9618290074926535,0.9721343742397771,0.8989862643157595
amos_0561,0.874416589535044,,0.20937711577522003,0.6041426927502876,0.348469461772813,0.6827643630308077,0.9205600793067563,0.843857436272038,0.6864380751133334,0.6196209212317765,,0.0,0.9026333346414975,0.7739657495564163,0.7113777188760623
amos_0588,0.6645174566156801,,0.7551776950120088,0.306661916636979,0.7560229684184246,0.012153437143942271,0.9128258213412979,0.9433338209350132,0.7523689402024514,0.629557880235912,,0.0865561694290976,0.8839623304899091,0.9516672525069979,0.8664533442195821
amos_0245,0.8961281606607326,0.8608412606293053,0.595330242844384,0.7584799795970416,,0.6923076923076923,0.9182609675692429,0.9560543629793659,0.7708090463977617,0.796230747153927,,0.4816544362908606,0.9329858660441211,0.9256080042339777,0.8867603373880614
amos_0162,0.9502050615184555,0.8692354442688708,0.7147409633069289,0.8956828489837056,0.8438781852082039,0.8350282485875706,0.948780667037593,0.9625152695434167,0.8275956658894528,0.9028579817950475,,0.782608695652174,0.9546641666108618,0.9501937109310009,0.9251426843223224
amos_0045,0.8723847315691163,0.8051540431155529,0.7376000627844922,0.7066621727895742,0.8352407932011331,0.6443370165745856,0.9450546118804527,0.9680938548358962,0.6349791509783868,0.6735884454267431,,0.6440329218106996,0.9334183472936738,0.9606861315357395,0.9233392015216819
amos_0049,0.8863915989394701,0.8072169946669041,0.28429457344014264,0.8222861097801203,0.4458546571136131,0.4422623723487824,0.7611573743789183,0.9585428260681547,0.6021247071813313,0.6544527545777372,,0.6924593395761459,0.325189425188156,0.9348470154897373,0.9266457152317503
amos_0555,0.8914829614331253,,0.8095553105475928,0.821444395214887,0.8741232927279439,0.7012278308321964,0.9205025656504678,0.9553616417504528,0.7092893201535625,0.814721305107788,,0.5416178194607268,0.9247554128405912,0.9237064618726243,0.871949844391322
amos_0047,0.8936048069195147,0.9413316701291825,0.3085454120943264,0.7202458701498271,0.13772881497926528,0.6765661252900232,0.9404380986070243,0.9379630072755876,0.5175652662441406,0.7115324419800564,,0.709745022703458,0.9346328266999994,0.9311731561988082,0.9174587498084357
amos_0142,0.9364239551917277,0.6882391756763616,0.8017558656647753,0.921526620645878,0.9177804295942721,0.29955947136563876,,0.9596381599591182,0.810803111022478,0.9060256009990634,,0.7680644397062307,0.9361774396250128,0.9441354585289357,0.9547912526403329
amos_0137,0.918784726326989,0.8272862747483349,0.7083155042076736,0.786302729528536,0.9206262015929689,0.7881996974281392,0.9573755581279974,0.9587599701227045,0.8489457081188776,0.8575118923857228,,0.8108108108108109,0.9684138014871244,0.9559188932175834,0.9566869902605115
amos_0552,0.8600523560209424,,0.7542344513623886,0.7612590799031477,0.732317562149158,0.7125567322239031,0.9583061244681904,0.9550400299474154,0.8375068308206628,0.8593699253004222,,0.5468998410174881,0.9404094977970056,0.9523282297861572,0.9108458779529907
amos_0263,0.9213625443910591,0.7544294950200944,0.859955374721092,0.8565253190613421,0.9443390259329538,0.5572842998585573,0.0,0.983733885889686,0.9096027983278285,0.9120629635235357,,0.8594748048261178,0.972072994203829,0.978126135745966,0.9697976122418732
amos_0302,0.9524720130672085,0.5297917083917485,0.7123741353062151,0.7949493620939103,0.8896905259160812,0.7531760435571688,0.9691841195966434,0.96797796256441,0.8859062607809959,0.8650753865730922,,0.8100450740502254,0.9673054802799602,0.9589756071177457,0.9380196231309006
amos_0301,0.8656124779180491,0.4417478017720581,0.16866904787675435,0.7163795032445738,0.867487549268233,0.20497466605251036,0.9148787371681195,0.907867015235517,0.38615411889847534,0.5410998672859987,,0.6917874396135266,0.9202899117286026,0.9526971795304847,0.5644156115450231
amos_0357,0.9416738743868961,0.9312345560322092,0.4109697092122856,0.7153074181788391,0.8715568498968572,0.7930700527278597,0.9567578822653063,0.9672360209872716,0.8649561687289218,0.9191501448127762,,0.8013957545798197,0.9534148260324706,0.9463041492248326,0.47567874048972164
amos_0113,0.9241603755968736,0.3477893054788565,0.6768233387358185,0.8742813111256001,0.8883886004873398,0.4474218432805522,0.8960042209365816,0.9608360313187078,0.8348998895950825,0.7818342342900513,,0.5817452357071213,0.8642858936688516,0.9238846611908503,0.9292322012367484
amos_0016,0.8991104283519703,0.7809732872547129,0.577671896820833,0.7209737827715356,0.7663468259515791,0.5239159588734913,0.9266196211598663,0.9530164259178627,0.6929123669653544,0.5771312584573748,,0.3394178589047854,0.6859694248968697,0.9336598603435152,0.9069677904453896
amos_0098,0.9256987048398091,0.8725582996299802,0.714435179607495,0.8864931464654243,0.9014397824877959,0.8456167571761055,0.9547914595705996,0.9637085458257932,0.8487719735693804,0.8729060049335444,,0.7285451197053407,0.9538637495618809,0.9508720564160685,0.9403535565652323
amos_0310,0.9410470797616936,0.9428714251006041,0.826964948327149,0.7053577747894402,0.3319677841874983,0.7647058823529411,0.966888156792674,0.918133066804382,0.8680098373060916,0.8301612587686202,,0.777203602539495,0.968129383469908,0.9621726277940084,0.9655410702086331
amos_0156,0.9218617907780006,0.7226265641143382,0.1421862925756405,0.7823111345090813,,0.0,0.7475740497478707,0.8999491990381685,0.25629943733181115,0.5243349663476947,,0.0,0.7614423785116265,0.718687356151162,0.679679225298835
amos_0061,0.8663909881648367,0.5495344677337981,0.8056946489936181,0.8752136752136752,0.9105259045088693,0.7503805175038052,0.9500761763261606,0.9507056789552351,0.8291472198991017,0.8629136005763393,,0.7166900420757363,0.9477020978522837,0.9593732569992499,0.9404812577545532
amos_0510,0.8588198907178941,,0.6367119943029604,0.7300368058889423,0.6755710414246999,0.7315568022440393,0.943473338303924,0.9382996746193379,0.8702072127932631,0.7189767473254361,,0.25458052073288334,0.9444073487608982,0.9372596402803189,0.6704394673317027
amos_0010,0.8940073329039291,0.8457588827274595,0.5151946421096694,0.6750726949898356,0.8113524262066472,0.8073102900278109,0.9585385291292887,0.9531651792184584,0.8602925977814014,0.7614414610283726,,0.7798561151079136,0.9544593430926314,0.9313365136466724,
amos_0376,0.8936086948787734,0.8925927790926028,0.5747477961022568,,0.4697459045099031,0.7693346842283012,0.8913686492415982,0.9627273522017521,0.733028263795424,0.6939257469244289,,0.7321830457614403,0.7799729620757536,0.9303494665885949,0.9305111990017132
amos_0575,0.8395503761210473,,0.6948597250988514,0.7537346029527388,0.9074661848723082,0.8031942297784647,0.9664440861395082,0.9746144900832063,0.8711714504838209,0.7475396665997188,,0.7155425219941349,0.9612684389051037,0.9721418659081338,0.929977282825691
amos_0029,0.912944229805055,0.9451820219920999,0.7684894793864401,0.8651656969390337,0.9095399151768938,0.7779266005893384,0.9611584671080149,0.9774536325079133,0.8906878007359185,0.9100539217560901,,0.8528476438276958,0.9615313704900161,0.9509400241795595,0.954545145906845
amos_0326,0.8695643726374463,0.7683448144416914,0.7586686914705137,0.75869406614786,0.9530391931678186,0.5043005885015844,0.9709134553997804,0.9609023008499873,0.8054266852401429,0.8648076923076923,,0.8421343654962676,0.9713457264214809,0.9668334350213544,0.9289289559877636
amos_0084,0.9400886535491506,0.9426352541930432,0.7234628086177072,0.860056846681157,0.8884532179556517,0.7943737441393168,0.9513136242410486,0.9645373131532392,0.8437848120790417,0.8456776277421381,,0.6371826371826372,0.9382563694267516,0.9099090109132474,0.9341632167772064
amos_0518,0.0,0.0,0.0,0.0,0.0,0.0,0.0,0.0,0.0,0.0,,0.0,0.0,0.0,0.0
amos_0294,0.9421960496463366,0.8597498403312499,0.8483791769357278,0.9217923339931617,,0.8413438859479009,0.9623720952129478,0.9661970770572972,0.9006665419000043,0.8906940139390714,,0.6236096831479577,0.9471981062864463,0.9695226580296983,0.9385612922563505
amos_0158,0.949763141809291,0.9278299285510838,0.6704606873748132,0.8166508987701041,0.865980198019802,0.8009630818619583,0.9407388632767278,0.9757036192397514,0.8571580345285524,0.9120422074171063,,0.8681937664288396,0.9608357501673193,0.9682316425421807,0.9410152805881346
amos_0120,0.9358588032716315,0.9537825878586816,0.8390287299178397,0.909834203951851,,0.7401782766589634,0.9611895575075938,0.967473654968453,0.799492130030835,0.8777593712678661,,0.8006134969325154,0.9600840570962297,0.9450721753479931,0.925097730884059
amos_0402,0.9432736336521361,0.6751095211677156,0.8437789392726531,0.921694191663858,,0.8442663995993991,0.9569443310035821,0.9758125966918867,0.8868724202419025,0.8542202621585202,,0.8109682115991265,0.9498558906109196,0.9633745799991904,0.9602294909917789
amos_0590,0.7971095074344942,,0.6139228364760712,0.33899497487437186,0.4694698631172956,0.5523751522533495,0.9183237453987163,0.9229713397069542,0.6967475454406257,0.6340386814375822,,0.41206457094307564,0.9206358088910481,0.943242807036881,0.8396987336285104
amos_0287,0.9395453981819742,0.9219453293114951,0.7151399774316617,0.8098746081504702,0.6435527853525517,0.7231414074564306,0.9437986871872597,0.969231412723131,0.847477725526506,0.8822035840322655,,0.7656670113753878,0.9237478286045165,0.9544382901394088,0.9541179114683703
amos_0330,0.9158155531627971,0.048060708263069137,0.21484087376257874,0.612280701754386,0.5654201316259374,0.34609929078014184,0.9563374913598749,0.9310709273416299,0.2220694987328723,0.5017436951653758,,0.002844950213371266,0.953977343978598,0.9410440580108599,0.8592134078521046
amos_0102,0.9431949783465525,0.9022093229876207,0.7323807994862739,0.7452126882034791,0.9078137366986193,0.8536351429119509,0.9576161681190076,0.9746148584022312,0.8490498386518466,0.8665104079468721,,0.7388735722725482,0.9589044491262858,0.9689766773111326,0.9111201057130273
amos_0594,0.5815350389321469,,0.4695532213563096,0.020927399125636063,0.0,0.45522080066033843,0.944590422226463,0.9471797114367354,0.7840171669381318,0.570376207142988,,0.2340934460213682,0.9207856357952908,0.8086750188995853,0.8234136941204809
amos_0006,0.8199272892524426,0.9375869754010023,0.0026634261648327867,0.8103645952763128,0.7435789768353279,0.7336122733612274,0.9474182542403318,0.9617404678067627,0.0,0.5859012546258687,,0.6753371868978806,0.9587414921560945,0.9533955582097986,0.8769936838278729
amos_0597,0.7608070605295397,,0.5018948146778816,0.39957416607523066,0.8247007495245553,0.6285714285714286,0.9202966319366693,0.9671892707363375,0.7115992066407111,0.8738222561751974,,0.2791044776119403,0.9528168939466184,0.9483808175544152,0.7950452162018391
amos_0013,0.9131016393442623,0.851481608800275,0.5845145205226465,0.5085403726708074,0.8637173396674585,0.7168732125834127,0.940989079602941,0.9711249171816789,0.7777005014824847,0.7862595419847328,,0.6297093649085038,0.9591332878536855,0.9362686813860616,0.8927609141692563
amos_0143,0.9010551189756554,,0.6654719235364397,0.7416777021781816,0.0,0.8054868450640882,0.9695978696317407,0.9456568408629231,0.8649321800006732,0.8336011916428208,,0.7761194029850746,0.968581617198955,0.9375586291534127,0.9186726722236759
amos_0238,0.9398951288836617,0.821149869939305,0.8505707772842354,0.8489970053739181,0.8883993870585777,0.8166357222428519,0.947387132195887,0.9679059576016629,0.9027042562642071,0.8104536465795924,,0.4642857142857143,0.9453345090584274,0.9652413002121334,0.9490521818770423
amos_0578,0.471835101377787,,0.4005633668329713,0.31068315611737324,,0.0,0.597019148001228,0.8719012603569157,0.02965391349700108,0.22721856611244523,,0.0,0.273186660616708,0.8930753989119747,0.47405803832558285
amos_0600,0.7159559834938102,,0.0,0.043478260869565216,0.013245033112582781,0.6369958275382476,0.9475377217708506,0.45628753426009583,0.6012627489072365,0.514887491476627,,0.5816993464052288,0.9340309553177097,0.9334153599633741,0.799128392161711
amos_0198,0.8803094283382421,0.7691737375401598,0.40659765473991666,0.7773882559158632,0.6374219672684326,0.6297608503100088,0.9219401049862158,0.9267917897533761,0.6929251550044287,0.7401502504173623,,0.6690582959641256,0.9385195758564437,0.9530990919857876,0.8945774890322808
amos_0007,0.8793752378804325,0.7619760479041916,0.7450128450490525,0.77199820116924,0.7872969696969697,0.7853563474387528,0.9389776756284854,0.9625027964344279,0.8659687590157854,0.7662885940751254,,0.8024861878453039,0.9426539373358108,0.9394255615185848,0.9167725391102964
amos_0318,0.9322605761744096,0.8032538029915277,0.8248627694675011,0.8390305518275835,0.8528059758666922,0.8805184285135682,0.975436492677872,0.9760504924609619,0.8607876533768988,0.8330533849412108,,0.7920298879202988,0.9736687562311359,0.9634699111349675,0.6906061873079405
amos_0181,0.9118495377953196,0.5994346359849236,0.4052863436123348,0.5681482003240121,0.8255184390642558,0.455026455026455,0.9492524682651622,0.9493199890167159,0.7303035620284261,0.7845007814561471,,0.6308068459657702,0.9607096064936825,0.882162968623491,
amos_0186,0.9275035437664951,0.5412944520183931,0.4818975944093536,0.8321070234113712,0.8325962778699098,0.5811852831020049,0.7311707822389508,0.9487113648220522,0.8286591321333892,0.48595889147201005,,0.5282224094355518,0.8148562008707052,0.8631872948987619,0.8996165842223414
amos_0522,0.39776868724432873,,0.006672309913857492,0.013810420590081607,0.0,0.0,0.12883358994631933,0.3555507948834677,0.3701171875,0.20658445525511937,,0.0,0.00279876854184159,0.024636183346833887,0.5806573155902653
amos_0077,0.8684586548321482,0.8435378616868459,0.6641045765785272,0.6982929734021437,0.8030934833204034,0.44342762063227953,0.9015633731786771,0.9449867290297503,0.741262089437901,0.767378134581488,,0.6142649199417758,0.9130384252197283,0.91179787107653,0.8908574843143113
amos_0530,0.9421456538762725,,0.584775305824935,0.6654594839293798,0.6961116156195822,0.23229461756373937,0.9144669838884715,0.8713778691230419,0.6631007629985055,0.29939361028147343,,0.6087844739530133,0.9209595100374277,0.9287131886148194,0.7590603185219245
amos_0558,0.35044396939954925,,0.4211263982400582,0.6847964589900074,0.0,0.0,0.0,0.8254484415030907,0.0,0.4433744393619203,,0.0,0.09251828976990642,0.760678631675009,0.5982524368119748
amos_0299,0.9208498554137591,0.8467915338980856,0.8021184763556175,0.8206199930337862,0.8191515509020302,0.7547864506627393,0.9354911312362681,0.9734514452401217,0.834344759717894,0.7894582231734442,,0.7968384074941453,0.8838044075453269,0.9613349783567888,0.924692645206134
amos_0004,0.9194852048426823,0.6288803088803089,0.6763415457306784,0.6831300208271348,0.8879929886064856,0.6949261400128453,0.9540385134874387,0.962457043325435,0.7721907841552142,0.9260628901189495,,0.7480106100795756,0.9537983301927018,0.9459007004713864,0.9161079373243447
amos_0281,0.7506641839302548,0.8053630134273378,0.5454824681937955,0.6422735063175097,0.8037142794864529,0.36014362657091564,0.9247287845575346,0.9673540262657988,0.738068546812611,0.668050105644431,,0.5474640423921272,0.9207458087715567,0.931956847722485,0.9448390926635878
amos_0009,0.8959097268579057,,0.6147590683739345,0.5612078977932636,0.81226626776365,0.39607361963190185,0.957292576419214,0.9600916961916434,0.7941681225745605,0.8438372465559064,,0.5053674649050371,0.9640855832908813,0.9318350678164984,0.8988873130847793
amos_0173,0.8997330693489367,0.8299645224535525,0.22265078140624553,0.8261677397053104,0.7852327447833066,0.3167053364269142,0.7781969976719917,0.7517640628263477,0.5544997499407754,0.741482016603702,,0.0,0.35399200395790714,0.37069830491815364,0.2066473379818764
amos_0348,0.9177611082081476,0.5993413830954994,0.8123250904992502,0.8417677813948901,0.914010468791625,0.8004936240230358,0.9623323990606772,0.9759981492139642,0.8631292212395985,0.8456743601821322,,0.7826855123674912,0.9566621906771533,0.9674229799598342,0.9452823803780146
amos_0217,0.9321873284212382,0.8447168749449074,0.8105642860310749,0.8292990480899988,0.5033482142857143,0.8208055819854108,0.9582531087740761,0.9731161380214737,0.8607840775646624,0.843380959054665,,0.7875270285649255,0.9557023759132819,0.9644371166208049,0.9532232325106699
amos_0185,0.9116357651582458,0.5370163690476191,0.3598397200744963,0.82570944515036,0.7341463414634146,0.7267525035765379,0.966979137299126,0.9625154945872242,0.7411960373128932,0.6840924909133091,,0.7121559633027523,0.9626539882288482,0.9232899680193747,0.7809984577356178
amos_0549,0.8436867854246682,,0.7189454639441716,0.7298457624423597,0.00046387568131740694,0.7267112712300566,0.9551650284385061,0.9207442367935991,0.8781757746216964,0.8279483845153546,,0.7026647966339411,0.9409154636633953,0.9743033425994982,0.8577454114080469
amos_0200,0.9209012217338947,0.934502942281207,0.8882910944357921,0.8493529337856515,0.9218476903870162,0.8565672844480258,0.9692679002413516,0.9684254961119166,0.879770782059288,0.9238170635162292,,0.8516336368505624,0.9639294750367593,0.940527800715662,0.8683970262162515
amos_0072,0.882883536906296,0.7621833921128567,0.7173611752748775,0.6896408982717582,0.8554363827549948,0.5802888700084962,0.8695520044571631,0.9544787746731823,0.7134502923976608,0.8130190739847103,,0.5705361790733993,0.9223587836335937,0.9472628543220141,0.9345752394958842
amos_0022,0.9388703220830732,0.6911881750994884,0.7179398548219841,0.8163265306122449,0.8364322717963134,0.7917440660474716,0.9526711867007953,0.959416948072029,0.8394588799344681,0.8376394509323506,,0.7619791666666667,0.95107996569836,0.9426063470627954,0.9300365957412164
amos_0014,0.8819207342055666,0.8311486272363228,0.7474213171118752,0.7721677970359206,0.8827790582811985,0.7657082002129926,0.9500339961194674,0.9537651197078758,0.8063705435417884,0.7651313089864588,,0.8080110497237569,0.9279502485907647,0.9399447922978523,0.935470457037009
amos_0154,0.9092144974034095,0.7368148020058793,0.365779100635508,0.6141390205371248,0.8597616865261228,0.7374005305039788,0.9671245595155198,0.9619281211191996,0.6068783456772018,0.9021730985387786,,0.6830497794580971,0.9710287627277677,0.920581867902313,0.8141673239619237
amos_0128,0.9340446768480651,0.9482359412702159,0.7783026259822248,0.8745141953757987,0.8507644820903022,0.854218009478673,0.9613299782182748,0.9741066126841468,0.895678028707316,0.8523206751054853,,0.8101487314085739,0.9478819182897521,0.972600246813883,0.8458540804993665
amos_0595,0.7791455908342982,,0.02644411102775694,0.0743345052737318,,0.5840286054827175,0.930526220163067,0.5679023584568267,0.5933445275530453,0.5317856660817925,,0.5209471766848816,0.7912664222834667,0.9217786432976306,0.6326059307851931
amos_0548,0.8017222180981367,,0.2053903345724907,0.33221476510067116,0.6957905907322249,0.0,0.8675273765392646,0.9474395773534673,0.7433974839623427,0.5851979345955249,,0.1457286432160804,0.5399720312317912,0.967257232563355,0.6918898037037932
amos_0593,0.9130424924039726,,0.7087845513063233,0.7414666666666667,0.7426317221365739,0.6630834512022631,0.9547005639233395,0.9395158652498727,0.6633148099144395,0.5941554235374679,,0.46647230320699706,0.9424626289133874,0.9247659309242172,0.9037666717891893
amos_0352,0.9087450404913311,0.6259668008503324,0.7916491129523007,0.8220621438554994,0.3354293904218369,0.8697885793321478,0.9719111098485117,0.9729050168099256,0.9031620553359684,0.8805209653766808,,0.7364864864864865,0.9695708225600841,0.9679411422008423,0.9615745884254115
amos_0199,0.9051919391369998,0.9207217701843255,0.8295702433112706,0.8720137355898945,0.9350166262751508,0.49082858950031627,0.9578089612178664,0.9702300189286482,0.8759789982433835,0.7023758581555005,,0.8405021609384647,0.9564718615798216,0.9598754419540043,0.8973326168317632
