uid,Adrenal Left,Adrenal Right,Bladder,Bones,Breast Left,Breast Right,Duodenum,Esophagus,Gall Bladder,Gonads,Heart,Kidney Left,Kidney Right,Large Intestine,Liver,Lung Left,Lung Right,Pancreas,Prostate,Rectum,Skin,Small Intestine,Spinal Canal,Spleen,Stomach,Thymus
Pediatric-CT-SEG-2197048C,0.1184769038701623,0.0,0.0,0.6819859481032048,,,0.0,0.34271908475600005,0.0,,0.5672469339248504,0.9244964025235588,0.9344391381627739,0.7378192941254903,0.5149091979288677,0.9166246566758968,0.8448417469140946,0.4108189694207142,,,,0.8244156614046623,,0.7808217004237041,0.17370473851000393,
Pediatric-CT-SEG-0D7F3188,0.0,,0.0,0.34326472036495126,,,0.055282672191029746,0.21760275568041448,0.0,,0.29818770082977,0.9178131650353254,0.8676662369871172,0.7987369528085367,0.62994529431152,0.729637172410097,0.638917359961924,0.0,,,,0.6623781488919638,,0.7850978066291762,0.15907172891964974,
Pediatric-CT-SEG-968A78B3,0.0,0.0,0.1649181856975474,0.8204274672089527,,,0.11477520100824251,0.595279023940296,0.0,,0.6049310191116534,0.9473163320857194,0.9308977242589822,0.6366391762033291,0.8747439769315267,0.9547849724501781,0.9410491804907625,0.44679142587032794,,,,0.6591904552505591,,0.8749952636815921,0.006301128295785464,
Pediatric-CT-SEG-677673CD,0.0,0.0,0.0,0.7781386937841419,,,0.06458041581385328,0.4620379784198616,0.0,,0.6722459622369077,0.9040886471533386,0.8778649271035583,0.7437468378870739,0.7551072847949957,0.9383028395080595,0.9350965357295994,0.0,,,,0.6645699188228468,,0.028168706651460002,0.4260103199365783,
Pediatric-CT-SEG-388,0.0,0.0,0.0,0.4480122738431249,,,0.0,0.3838220424671385,0.0,,0.000113827251623763,0.5829526608280718,0.8802147883695057,0.5943983245056229,0.3438787370557606,0.9185237448172537,0.9146019889303875,0.0,,,,0.4881627132338418,,0.20569089376730745,0.0,
Pediatric-CT-SEG-FC6A7B5A,,,0.0,0.2362858401184058,,,,0.062400928442028984,0.0,,0.5539839046332553,0.2986800081968442,0.2645041541453067,,0.36634927992709126,0.6171620166858142,0.25985434906095134,0.0,,,,,,0.0,,
Pediatric-CT-SEG-375,0.0,0.0,0.0,0.44569879568366344,,,0.0,0.22298409215578716,0.056241717466207264,,0.0011091986040086038,0.9182933950655905,0.9001564531411824,0.7255263356268238,0.6242677354464549,0.8787426850889958,0.8581609537353466,0.0,,,,0.4857899520345108,,0.19279684771988276,0.02320973972681509,
Pediatric-CT-SEG-14403912,0.0,0.0,0.0,0.3951195798263257,,,0.0,0.17259537532172473,0.0,,0.1124735111886785,0.0,0.0,0.0,0.32908436249284356,0.824227444905078,0.8372341488966104,0.0,,,,0.0,,0.0,0.1874705856235848,
Pediatric-CT-SEG-D3A481E3,0.0,0.0,0.0,0.5764124449948035,,,0.4932957313164979,0.0,0.0,,0.505949354009356,0.8795408824171,0.9228214021575578,0.6755546349015212,0.5347510860046025,0.8907064535772833,0.5798183064751142,0.0,,,,0.703018819470672,,0.5823136773797801,0.27900430374464685,
Pediatric-CT-SEG-1F5E00BB,0.0,0.0,0.0,0.4661349344886328,,,0.13927063339731285,0.2039273441335297,,,0.011955192933152621,0.918203118882551,0.8386124073163504,0.7567909942577979,0.45614667267577796,0.8468393611922892,0.8782437419775112,0.0,,,,0.8018584713590027,,0.0,0.0,
Pediatric-CT-SEG-34ECBB32,0.0,0.0,0.0,0.10590634529104434,,,0.0,0.2637653458795854,0.0,,0.0,0.8818987090367428,0.0,0.3514967225576959,0.0013348899771161717,0.8319540115962138,0.6664445685402555,0.0,,,,0.601617674639987,,0.0,0.0,
Pediatric-CT-SEG-3A4DE292,0.0,0.0,0.0038266415422525003,0.7413638077558953,,,0.16414456115364073,0.5160290556900726,0.0,,0.4668718264348361,0.6432958354775566,0.9264741886800727,0.7628183407325003,0.6043235509340951,0.9335501024680889,0.9380457138018088,0.028946482665769102,,,,0.7413143552845401,,0.19687842966413377,0.0,
Pediatric-CT-SEG-376,0.0,0.0,0.0,0.43921124200350925,,,0.24607720069041267,0.4312992700729927,0.0,,0.0,0.9299259532884464,0.8914237828397339,0.6616896225571622,0.6414280289956991,0.8442180755269999,0.7877994282892271,0.039256842070741024,,,,0.5087549854478819,,0.3426114416439931,0.5049948702437349,
Pediatric-CT-SEG-420FD7F5,0.0,0.0,0.0,0.36302620783903555,,,0.2955917713064387,0.03018115876977216,0.524041530495889,,0.1946932642358247,0.9433160340772224,0.9452935344615727,,0.8419872653292086,0.8319605333554038,0.8042729308842406,0.11764656825952798,,,,,,0.7660026707442797,0.1520099173982249,
Pediatric-CT-SEG-AED6A08B,0.0,0.0,0.0,0.3716697724157318,,,0.025552369708213864,0.3667314474915425,0.0,,0.6369237266883999,0.228165412588292,0.6423183702445394,0.1726730120461756,0.18130079510857258,0.8989707336575642,0.8450036837270222,0.05760211230906417,,,,0.37350019162847486,,0.0,0.0,
Pediatric-CT-SEG-BB8351E7,0.0,0.0,0.0,0.5828000762444178,,,0.001729942645747668,0.5190077567007142,0.0,,0.007743030989104288,0.6557595968412767,0.5079890306642794,0.6342282345261491,0.7415763098850484,0.9067319644095647,0.7552866194278859,0.0,,,,0.6304581470203957,,0.5079980723790574,0.6386814909307686,
Pediatric-CT-SEG-BD4C52F3,0.0,0.0,0.0,0.29216468689442315,,,0.0,0.1305194805194805,0.0,,0.0,0.8923986594270054,0.0,0.19346614926564412,0.3639298792276826,0.901575313874707,0.8163492851443616,0.0,,,,0.09181023894104322,,0.0,0.07074092790297509,
Pediatric-CT-SEG-DE6ADE22,0.0,0.0,0.0,0.2972208643052618,,,0.0,0.0,0.0,,0.0,0.18772879657816655,0.6163758736942647,0.06807456564150033,0.032335072204421215,0.33963625667924896,0.07848187297669511,0.0,,,,0.44431155050779475,,0.06842334383242427,0.0,
Pediatric-CT-SEG-380,0.0,0.0,0.0,0.25981560375712753,,,0.0,0.4201040863531226,0.0,,0.0,0.0,0.0,0.018366668997832018,0.26938048160090733,,0.43011711144630993,0.0,,,,0.06698249320741455,,0.0,0.0,
Pediatric-CT-SEG-387,0.0,0.0,0.0,0.5876802964371302,,,0.06629937785773181,0.43203247773703507,0.0,,0.42614944299132423,0.5248990324136692,0.9041052814502404,0.7021600699213385,0.29398043810729013,0.8595349259506291,0.7771936265696698,0.0,,,,0.4328479085946537,,0.05016673081696302,0.5592501076057326,
Pediatric-CT-SEG-394,0.0,0.0,0.0,0.7513355899558924,,,0.2725078333526749,0.2107696258881945,0.0,,0.0,0.0,0.037808260250356045,0.6939014340749353,0.03469348822056756,0.8348127251486591,0.7472405496027278,0.0,,,,0.654820504013667,,0.32280528532016844,0.07537832368449472,
Pediatric-CT-SEG-E734419B,0.0,0.0,0.0,0.3674131133620428,,,0.0,0.23922468757969906,0.0,,0.0,0.0,0.0,0.2288288551678119,0.09114781939208816,0.6702836858394392,0.7477076675648014,0.0,,,,0.00012823585137785416,,0.0,0.03920746259927046,
Pediatric-CT-SEG-05F65878,0.0,0.0,0.0,0.48572452880496075,,,0.0,0.32329688254190175,0.0,,0.42534931652356917,0.8964420866066296,0.0,0.6348826193754755,0.0005866767798568718,0.8987751138024965,0.8087052833727837,0.0,,,,0.5406569741542488,,0.002961468518201463,0.0,
Pediatric-CT-SEG-361304ED,0.0,0.0,0.0020406131793748758,0.6420417629703793,,,0.035378041098455826,0.09546592489568846,0.0,,0.4967795013910389,0.6923513063846004,0.6567995506003104,0.6710416380782318,0.5271099053290449,0.8757327246082741,0.8985843089374986,0.020243796255986067,,,,0.5578185868414782,,0.7788545011452896,0.008623743523889652,
Pediatric-CT-SEG-92891A2F,0.0,0.0,0.0,0.5653488143228809,,,8.705303706283053e-05,0.4591456119360968,0.0,,0.657534456943218,0.9228675577156744,0.7616276516316044,0.6018269395607535,0.2907935852743801,0.00047697297979627215,0.0,0.0,,,,0.32581624258928316,,0.0966542432053388,0.3959699693617596,
Pediatric-CT-SEG-1DFF8B65,0.0,0.0,0.013033918962145353,0.721526044206374,,,0.05245456857813074,0.14187643020594964,0.0,,0.42415164663390886,0.8823143956797144,0.9161025975310941,0.5736663133047589,0.8740921935759823,0.9102800612661085,0.8611166444178185,0.01335034542851808,,,,0.526710245628308,,0.6231034350819257,0.09870927309471668,
Pediatric-CT-SEG-BB89BD7B,0.0,0.0,0.0,0.6955899601041895,,,0.2030497743821469,0.5057183592668192,0.0,,0.6355439828402926,0.7978459066840593,0.8109408873392809,0.4194108668915227,0.672289427008254,0.910505002984635,0.9096377285621001,0.0,,,,0.6635687424902753,,0.02270421408370132,0.6322536716345283,
Pediatric-CT-SEG-B1B6F67A,,0.0,0.0,0.29961906656151066,,,0.08623064770932069,0.16302146857866878,0.0,,0.03591858535844145,,0.7921962681727742,0.7472760085979536,0.10221920034061337,0.8401319837689987,0.8341312016028546,0.0,,,,0.5005487254427328,,0.16496357245034876,0.08990079678577072,
Pediatric-CT-SEG-F0386168,0.0,0.0,0.0,0.47349581501494403,,,0.14171387944633296,0.40000240328288444,0.0,,0.5210296867506238,0.8989425243977228,0.7866463566174414,0.6825167298834126,0.31651520957465606,0.8896836529629011,0.8115147971467727,0.0,,,,0.2457152659066734,,0.004378020743858288,0.0,
Pediatric-CT-SEG-0BBDB755,0.0,0.0,0.3129877896458013,0.7179970914027878,,,0.13166357910337162,0.26954381979935643,0.0,,0.6817240168053746,0.8211610848746705,0.9258160914296143,0.5801578958965472,0.39052574521127675,0.8119016651024582,0.7468084922285322,0.19158796563040156,,,,0.6569806072572814,,0.6074602918288606,0.013217571595179474,
Pediatric-CT-SEG-29ECC095,0.0,0.0,0.0,0.5200362385610765,,,0.0803133738636235,0.3325113717979411,0.0,,0.5948860893402124,0.8982436213699635,0.7120554067482837,0.33148928042729303,0.48034047121522916,0.9038296239319005,0.8862130812398723,0.0,,,,0.3424642114431048,,0.0,0.019409181698094767,
Pediatric-CT-SEG-403,0.0,0.0,0.04110176346869439,0.7360422214550687,,,0.1922364396191461,0.17748005419238297,0.0,,0.557727797307862,0.909802785838007,0.9318434690514015,0.6872470501472046,0.6307927533224741,0.9265851479727588,0.9052205733620198,0.16163765220016388,,,,0.48410782899620547,,0.2156900086969218,0.004935918581778641,
Pediatric-CT-SEG-397,0.0,0.0,0.0,0.7950086070729331,,,0.07982852899480186,0.28453120378586216,0.0,,0.6016716693206231,0.9390382392844581,0.9230480549924811,0.6699092082582652,0.6833449775889785,0.9346002493471313,0.9412787527591744,0.0,,,,0.5517879011524643,,0.003415543787501101,0.32408166722492365,
Pediatric-CT-SEG-392,0.0,0.0,0.0,0.2965019776144512,,,0.0,0.0,,,0.0,,,0.46932265960613234,0.39969396426535286,0.5473269812289611,0.5875286454104188,0.0,,,,0.6471549020030352,,0.0,0.22422162854319966,
Pediatric-CT-SEG-4C1A38AE,0.0,0.0,0.0,0.7575407787945352,,,0.039470114838593,,0.0,,0.0,0.3107257998970497,0.6459674365770541,0.6570743483243788,0.8472763917602303,0.7561766813775413,0.5177861843150968,0.19988694428126488,,,,0.7826528177439939,,0.872384108985519,0.7961315960207612,
Pediatric-CT-SEG-A783807D,0.0,0.0,0.0,0.7491719176077277,,,0.352979780919751,0.12326869806094183,,,0.5454457428591576,0.951898341742112,0.8541465459976162,0.7550466802900989,0.48676393974576526,0.8318364721968917,0.1635763127286076,0.10978500522736448,,,,0.7111631436824549,,0.8561484717169142,0.22247536811884203,
Pediatric-CT-SEG-F22EFF95,0.0,0.0,0.0,0.27065543651534274,,,0.0,0.2206197854588796,0.0,,0.15241760115527844,0.3825139356199468,0.0043209459785303,0.7796580312864994,0.5682007423573365,0.7762744515996147,0.8433791418913917,0.0,,,,0.6797665456515719,,0.45083729592491356,0.028617121673626927,
Pediatric-CT-SEG-7E9377C4,0.0,0.0,0.0,0.5668736881124511,,,0.02217826918712104,0.3897193410616229,0.0,,0.0,0.05983762561947757,0.04189027305496017,0.6020903163571085,0.04219697512984479,0.3660423227802641,0.43919187498860385,0.0,,,,0.46089220024552124,,0.0,0.0,
Pediatric-CT-SEG-77D4B907,0.0,0.0,0.0,0.6671259649287464,,,0.28424911320363216,0.4218502355674244,0.0,,0.4568324611105502,0.9171158836826917,0.9275079558008137,0.7276709113510778,0.706791295186014,0.9328067493658859,0.9009524053603235,0.39265013895577205,,,,0.66875697470699,,0.6440377580138655,0.7403618575277776,
Pediatric-CT-SEG-7C7F4414,0.0,0.0,0.0,0.5616418372625426,,,0.0,0.14089391215001285,0.0,,0.16969943250816272,0.8507014189069756,0.8943811740048391,0.6723896822399379,0.20991238437547047,0.8608759556296297,0.7687958425530352,0.0,,,,0.46170133771932603,,0.0,0.051700672775460504,
Pediatric-CT-SEG-5F4808C8,0.0,0.0,0.0,0.32788508972560176,,,0.004253429619762088,0.2390313610381585,0.0,,0.33347354213659725,0.16670014908487266,0.5120100220881548,0.48115441092755157,0.06842671187415952,0.8518162112981348,0.8706179978315866,0.0,,,,0.13249176287877412,,0.0,0.0,
Pediatric-CT-SEG-B55DA206,0.0,0.0,0.0,0.346813233950576,,,0.2961796546479377,0.20348081358775424,0.3092188811640371,,0.0,0.8332713734903927,0.8269817214038849,0.6260510488445477,0.8109612731334832,0.7608065088626128,0.2463215058278724,0.0,,,,0.4738694441953009,,0.20240694601736503,0.20903111848575884,
Pediatric-CT-SEG-51A54CC5,0.0,0.0,0.0,0.34051257593499795,,,0.0,0.2634308827028313,0.0,,0.2629112310270452,0.3121721737189558,0.416847181647754,0.6559235045533932,0.22580483343170976,0.8940227433693103,0.8560570981057355,0.0,,,,0.43341427582773817,,0.0,0.02119622731872359,
Pediatric-CT-SEG-31E880AF,0.0,0.0,0.0,0.5915086338971431,,,0.2931539212161676,0.41278585394882256,0.0,,0.5549945653237107,0.9246149982567868,0.9301843515685936,0.7227002473817558,0.41935851730815765,0.9014851485148515,0.8802664214327661,0.0,,,,0.5910967485682583,,0.26047603487367416,0.0,
Pediatric-CT-SEG-52AA7DB5,0.0,,0.0,0.630816185365544,,,0.029102137522154545,0.08160964230171074,0.0,,0.30339568991821775,0.9174899962248076,0.9276565621879619,0.6431377201198252,0.4988019140766871,0.8235357887629066,0.8809224072371593,0.0,,,,0.5349151994302815,,0.5000799476131259,0.4602397089577306,
Pediatric-CT-SEG-1471A6A5,0.0,0.0,0.0,0.35173925909492776,,,0.39041299867773716,0.46284847032510584,0.0,,0.4378370468715983,0.907935466065981,0.9171610210430716,0.6591058839759397,0.10733075671106364,0.8661956887566137,0.8471445415600404,0.0,,,,0.38515304610523493,,0.2578668559444037,0.0,
Pediatric-CT-SEG-ECD67909,0.0,0.0,0.0,0.35309572191216176,,,0.09897451583302477,0.30225932019743973,0.0,,0.02399338264697773,0.9249262122623148,0.9134033149171271,0.3740750030792025,0.5937255395129694,0.700495726577759,0.8239206042293611,0.0,,,,0.48030505049507954,,0.2597636441537452,0.17949095888587227,
Pediatric-CT-SEG-390,0.0,0.0,0.0,0.3470692843534064,,,0.17559326296376504,0.372050524052674,,,0.4916105115457238,0.8966531403624264,0.7900564119210759,0.5293059006511146,0.6229813387117918,0.8088197435611723,0.8242245442664681,0.0,,,,0.4075307103047344,,0.3496697279042734,0.3182603485294852,
Pediatric-CT-SEG-FAC9474D,,0.0,0.0,0.17559559007108974,,,0.01069658800672357,0.0,0.0,,0.0,0.0,0.0,0.36179416376528456,0.07631163064063214,0.44110431399554995,0.0,0.0,,,,0.175942300766593,,0.49884090723763147,0.0,
Pediatric-CT-SEG-07DC0024,0.0,0.0,0.0,0.7744905826796028,,,0.0,0.4882380073800738,0.0,,0.5721290894060331,0.9214558257888115,0.9301350759774166,0.6363758042413569,0.31872919489373125,0.8723233425575866,0.8832460786821441,0.0,,,,0.34327315644388895,,0.018699496352038346,0.0015311183155035716,
Pediatric-CT-SEG-C7338499,0.0,0.0,0.0,0.5197144848470283,,,0.07446695209491554,0.24008886505534913,0.0,,0.2080750807460507,0.7462136160588444,0.8885454092367286,0.5505549178951533,0.3247264139184976,0.8250192002000393,0.8361170146268283,0.0,,,,0.7199592740681124,,0.1923251690618958,0.4599809813698385,
Pediatric-CT-SEG-D85B40C5,0.0,0.0,0.0,0.2525071103349773,,,0.0,0.2525175465364663,0.0,,0.01315732815333311,0.7400819858802096,0.6915620641562065,0.37403315871050347,0.2215784345748472,0.7772999976769861,0.22382595404779276,0.0,,,,0.36212275303523506,,0.06686544378980512,0.0,
Pediatric-CT-SEG-5F74CD3E,0.0,,0.0,0.3031408037773828,,,0.001798609194276505,0.1835492922223273,,,0.01684873819795517,0.40194043950257846,,0.2809438289735809,0.6146780993407384,0.8061472377997853,0.08199431196925823,0.0,,,,0.3977925610344041,,0.809854432663992,0.12004565769858934,
Pediatric-CT-SEG-539C7830,0.0,0.0,0.0,0.6889056114208247,,,0.004024538505610598,0.40382299628601487,0.0,,0.38658962941154823,0.1461979665110185,0.9032850797007548,0.5944403208900675,0.4533725771732858,0.8688580324772706,0.8678343903162881,0.004138864713277246,,,,0.6956975638774998,,0.0013470957378399193,0.0818837015469241,
Pediatric-CT-SEG-02BA6CE5,0.0,0.0,0.0,0.4095691888944231,,,0.06202480992396959,0.4474906508280695,0.0,,0.4110973937451492,0.5707897490079386,0.7390882460469373,0.5312092073017142,0.6575329127566593,0.899634179459126,0.8578182133600464,0.0,,,,0.4734083529774765,,0.6258376918600073,0.0,
Pediatric-CT-SEG-ACCA52D8,,0.0,0.0,0.5157638774734914,,,0.0,0.08601314809417403,0.0,,0.1538330739146927,,0.9378578286689663,0.5102254019013099,0.6049122722347584,0.7242120297335021,0.7474007457775828,0.0,,,,0.560019833042792,,0.295195430448969,0.0,
Pediatric-CT-SEG-018B687C,0.0,0.0,0.0,0.3021933432366991,,,0.28585877633586476,0.3313879725957879,0.0,,0.36679119367458946,0.029459213018166515,0.8349029283398169,0.6030432539901805,0.21028617428053933,0.8482077442558792,0.8510316947387496,0.0,,,,0.31640822454673145,,0.0,0.0,
Pediatric-CT-SEG-9D15A505,,,,0.4021025153724421,,,,,,,,,,,,0.6542135841967534,0.5652304044969354,,,,,,,,,
Pediatric-CT-SEG-792705D7,0.0,,0.0,0.7015517405990161,,,0.27629165291982843,0.26739213216555846,0.0,,0.4905502173576624,0.9414872305003489,0.5744579530475917,0.6349953883457351,0.5230457526129763,0.7590554476310045,0.6975153245361289,0.0,,,,0.6604260583259247,,0.24129867680799572,0.24943044521368832,
Pediatric-CT-SEG-813E523C,0.0,0.0,0.0,0.7278788914380196,,,0.0067572897220834535,0.6243265086206896,0.0,,0.4604712053270471,0.8822641992122103,0.9076831179245476,0.550109641539294,0.5676223857834886,0.8544531781151969,0.6191823469602378,0.0144965553423258,,,,0.47145572664580887,,0.055923028887843194,0.0,
Pediatric-CT-SEG-BC9C164F,0.0,0.0,0.38089056038117164,0.8125014833598969,,,0.3053836496565985,0.5630633844690213,0.0,,0.7031768654527143,0.8893264736235051,0.9456080616954363,0.6891346605459925,0.7740453303576159,0.9606684333664102,0.9460989197701255,0.8085625147471358,,,,0.7851240305379931,,0.872248036818427,0.0,
Pediatric-CT-SEG-358,0.0,0.0,0.0,0.37007169013039065,,,0.06671461351416144,0.4011726766344181,0.0,,0.0005445916859002619,0.9250264243073854,0.8897285830634316,0.6382803127431901,0.6489441780703916,0.8919032601756383,0.8668285810215038,0.0,,,,0.6092836933075608,,0.041351078972249065,0.4946370502465121,
Pediatric-CT-SEG-E906D2F2,0.0,0.0,0.0,0.43358871868479715,,,0.24819823700002872,0.2971851769357129,0.022444903946415,,0.21162610714592828,0.9337436457464708,0.9255617932855166,0.5263501653263665,0.5519515914250033,0.9288305307108333,0.8783982128632812,0.0,,,,0.3589336983693936,,0.0,0.0,
Pediatric-CT-SEG-4939A45F,0.058119056005635786,0.0,0.614737058032245,0.7737415289019965,,,0.14228187919463087,0.4893495896389772,0.0,,0.546012968390029,0.9288078369480071,0.9424629546538437,0.709809533834564,0.8809129894934788,0.9559891598915989,0.9321484287836229,0.6013394271233993,,,,0.7777735454402689,,0.7986876543664984,0.6652479288436356,
Pediatric-CT-SEG-11FCDCBD,0.0,0.0,0.0,0.3312755989129902,,,0.0,0.3142333714244255,0.0,,0.021231702939044795,0.8386087424447186,0.45369618614020124,0.45020178312887454,0.07332331487841076,0.7795166306508112,0.6394425418388762,0.0,,,,0.5732089003214746,,0.17692418471848761,0.27446736590616716,
Pediatric-CT-SEG-BBEE696A,0.0,0.0,0.0,0.7637732283017471,,,0.177543792476309,0.442048923900343,0.0,,0.37178728745539064,0.9260790871060928,0.9347926461753856,0.5922605636911,0.4557370559074635,0.9316186158244184,0.9204153966912887,0.0,,,,0.47876188343905335,,0.7996805047268707,0.26435561423384685,
Pediatric-CT-SEG-2B699758,0.0,0.0,0.0,0.45993613159939944,,,0.23856935717738037,0.17508048496472361,0.0,,0.42462022377860176,0.9144950948793098,0.8208097911862895,0.31338833807113636,0.24899721441355874,0.8924029449636366,0.7580059701560911,0.022355735643426015,,,,0.7706982257467875,,0.3602186428682571,0.3892068309367247,
Pediatric-CT-SEG-F320D54C,0.0,0.0,0.0,0.5543507181738935,,,0.046046979701038264,0.08307224912180765,,,0.5798448266507514,0.912435523748588,0.7555348112277748,0.5231667636292494,0.7128715859363212,0.9318785131256031,0.8912127268183695,0.0,,,,0.6625449553595529,,0.6786649854358493,0.5031401058120504,
Pediatric-CT-SEG-2744A45D,0.0,0.0,,0.4636075561004156,,,0.0,0.07186085818657652,,,0.0,0.0,0.6893380004598993,,0.13929705863029274,0.8644166396995142,0.8739957543832062,0.0,,,,,,0.672600186933587,0.22031548347545984,
Pediatric-CT-SEG-6D6D4CD1,,0.0,0.0,0.45009945823138253,,,0.14010227999147667,0.3939779137205053,0.0,,0.09083477139145205,,0.8813921276209706,0.5649262626297423,0.4547164817402724,0.8966303408884392,0.8450087277374225,0.0,,,,0.6188263417901034,,0.0,0.0,
Pediatric-CT-SEG-F8B985D0,0.0,0.0,0.0,0.6978174948169587,,,0.20162967675630705,0.20117669386980452,0.0,,0.021644335037446307,0.8729583267311044,0.9062265160080429,0.6745194320557653,0.3901450770832009,0.8213710736676019,0.8262891995168126,0.0,,,,0.4324704394287015,,0.0,0.0,
Pediatric-CT-SEG-383,0.0,0.0,0.0,0.3159468105467504,,,0.0,0.6178917870230654,0.0,,0.0,0.0,0.0,0.2846757515999762,0.0,0.8948865117540068,0.8467078392296916,0.0,,,,0.09289642836892593,,0.0,0.0,
Pediatric-CT-SEG-861DB7D3,,,,0.37458607437290364,,,,,,,,,,,,,,,,,,0.0,,,,
Pediatric-CT-SEG-7CE37159,0.0,,0.0,0.2736817534457442,,,0.0,0.43042310169837705,0.0,,0.31396235961940605,0.0,0.04167400004591333,0.597994620065378,0.0632294526549448,0.814621763725886,0.8568822303007734,0.0,,,,0.5154226297686102,,0.24834953305696053,0.001413152411371551,
Pediatric-CT-SEG-66065C99,,0.0,0.0,0.28929538245283976,,,0.36059568076493326,0.2662242942539256,0.0,,0.0,0.1964530072329981,0.8899285614231686,0.35643870536367245,0.0,0.8286848867087129,0.7593519278096801,0.0,,,,0.36206582808949145,,0.0,0.3852834791386272,
Pediatric-CT-SEG-51BBDB38,,,0.0,0.807983396315623,,,0.4749348180027553,,0.0,,,0.9172451043871803,0.9067191837114457,0.7488929084396057,0.0455962216384696,,,0.2788496784298044,,,,0.6643989374222402,,0.0,,
Pediatric-CT-SEG-43920D5B,0.0,0.0,0.0,0.45454002887136824,,,0.016305529386187404,0.48603713475036087,0.0,,0.5042471182926204,0.9126169362620258,0.5481163398935283,0.6969162155383233,0.5814144304077514,,,0.0,,,,0.30529352664867593,,0.0,0.44066417031138094,
Pediatric-CT-SEG-14EF72AF,0.0,0.0,0.0,0.699300963996469,,,0.42057940891416296,0.3918107501989438,0.0,,0.6106284472252586,0.9510003149114614,0.9465017311430077,0.6163620230700976,0.7750683583891262,0.9520782727826073,0.9080650751562344,0.21250115523243276,,,,0.6616760281490089,,0.17391076473147135,0.22070941904102573,
Pediatric-CT-SEG-E6DF2006,0.0,0.0,0.0,0.5183078052669238,,,0.0487422154660913,0.3923326339881747,0.0,,0.21600588044765942,0.9121412149758041,0.6761967622417585,0.509400588982084,0.10422079389106026,0.8803225891318551,0.8746890780964243,0.0,,,,0.6174598413046117,,0.0008203519399971153,0.0,
Pediatric-CT-SEG-393,0.0,0.0,0.4616168125220862,0.7148334894948308,,,0.0073449348942393805,0.15435733022442436,0.0,,0.6028411770675995,0.06028566978478565,0.0,0.24794940008936148,0.4738126386024978,0.8134165976976901,0.8446999709513284,0.0,,,,0.24004497353383333,,0.06422935658910287,0.044398194186301476,
Pediatric-CT-SEG-CD066857,0.0,0.0,0.0,0.1564358573440451,,,0.0,0.0,0.0,,0.0,0.7361586476382725,0.616071745483371,0.17500381065289186,0.5574903447981123,0.0027195027195027195,0.0,0.0,,,,0.2210396058816159,,0.0,0.0,
Pediatric-CT-SEG-C7D4AEFA,0.0,0.0,0.0,0.7210125665816395,,,0.44259992741159204,0.2565678741309916,0.0,,0.6084870643257488,0.9282085803334984,0.7546335792142655,0.6453842138041471,0.37224593502897574,0.9281179167153093,0.8979592207026377,0.09827900564770757,,,,0.6819796178547641,,0.7847124703536339,0.0,
Pediatric-CT-SEG-C9494BA3,0.0,0.0,0.0,0.7482410202477395,,,0.0,0.17486338797814208,0.0,,0.0,0.0,0.0,0.46576545619392046,0.0,0.6181613310531111,0.5235209584461554,0.0,,,,0.3679556634091953,,0.0,0.018988966470017177,
Pediatric-CT-SEG-920AD27A,0.0,0.0,0.0,0.45269097787090423,,,0.05478821362799263,0.3567145406148536,0.0,,0.0766409347797627,0.8823444423039877,0.0,0.6930582242850944,0.3055933773493379,0.8021198793184009,0.8960307956163845,0.0,,,,0.2716573465124865,,0.6622638561054043,0.15649720248221538,
Pediatric-CT-SEG-D83E98D5,0.0,0.0,0.0,0.23758846796799685,,,0.022349837032438306,0.45860022330610567,0.0,,0.0,0.8329891677262632,0.9106686966594222,0.3368062271830467,0.8108340860030411,0.8924390824850845,0.6753904798309602,0.0,,,,0.4035904263118076,,0.006514870900969604,0.4294167786200099,
Pediatric-CT-SEG-B42CD321,0.0,0.0,0.0,0.5722787474191086,,,0.03619117782484575,0.3266275495948589,0.0,,0.4811787945492926,0.844203282159873,,0.783166218529053,0.4770173412254893,0.8260678249572831,0.8449440851479337,0.0,,,,0.7283729562563748,,0.17915214148556546,0.16547711181815575,
Pediatric-CT-SEG-1644392C,0.0,0.0,0.0,0.7131504536059733,,,0.3949206518230614,0.41500751788651524,0.6436202564307348,,0.6312284394313089,0.872614816559805,0.9334960396619191,0.5964767074598688,0.7237748687239163,0.9422660842176419,0.9212595387903945,0.026913573313865333,,,,0.4427702950234043,,0.5528903883191579,0.0,
Pediatric-CT-SEG-A0A9F024,0.0,0.0,0.0,0.2715321814636923,,,0.0,0.4371471843590803,0.0,,0.035305503673043755,0.14166914847311632,0.08074146447375563,0.6152751262209584,0.33200512346081845,0.8802754901145218,0.7827639916168544,0.0,,,,0.16058721526376243,,0.0,0.0,
Pediatric-CT-SEG-DB982328,0.0,0.0,0.0,0.1827295064728613,,,0.0,0.0,0.0,,0.0,0.010583390784251617,0.0,0.3952980377238933,0.18327052230107552,0.4217990136059439,0.0,0.0,,,,0.3562117771620711,,0.10777229702706306,0.026030117969617766,
Pediatric-CT-SEG-B5DBD686,0.0,0.0,0.016008456530687956,0.7034502340529953,,,0.4417235302469703,0.36222171740118125,0.0,,0.6962120448494838,0.9197599716777245,0.9328519284102983,0.6654261426244145,0.735915507910517,0.9358603976703092,0.890887718297822,0.35015314692224087,,,,0.7389960325338834,,0.6299371024781756,0.37482181289655364,
Pediatric-CT-SEG-4B20AED7,0.0,0.0,0.0,0.35646745507207744,,,0.0,0.24696127670956047,0.0,,0.6558779145363791,0.002211074041499403,0.0,0.7159992864370467,0.41167150342453634,0.8822151185295356,0.8866193321257216,0.0,,,,0.4255904136091296,,0.5001336412367025,0.0,
Pediatric-CT-SEG-BDD9766C,0.0,0.0,0.0,0.42239545651073407,,,0.0,0.16237357774968394,0.0,,0.0,0.9228696808768847,0.9278954211943903,0.569905733271519,0.38597591648656027,0.7830865496636477,0.8764514525381907,0.029129697286012526,,,,0.3791560615717244,,0.0,0.006360224733725243,
Pediatric-CT-SEG-08305CA0,0.0,0.0,0.2615953002439967,0.8018796728797807,,,0.30332839096769393,0.5154103324291932,0.0,,0.6761686547473588,0.9413748494309103,0.9216768229291621,0.7920706829275954,0.829026719444803,0.9483859638407036,0.9393223344978412,0.44370498113495177,,,,0.7568212425643921,,0.8444389403570425,0.06935221388048389,
Pediatric-CT-SEG-627003CD,0.0,0.0,0.0,0.6262811009161323,,,0.3975398971422512,0.5420652440519991,0.0,,0.39091340184540985,0.9280588974274817,0.9171913009411529,0.5267220323109013,0.5329495257632517,0.9100975232490144,0.8967148913774915,0.0,,,,0.3922277437509454,,0.0,0.0,
Pediatric-CT-SEG-C759BDAC,0.0,0.0,0.0,0.37845078918266817,,,0.16418239605630147,0.2496517938619663,0.0,,0.0,0.15996166463931585,0.0,0.8163217851819694,0.0015138724694204121,0.8950713522348651,0.830588945240916,0.0,,,,0.3211531621931405,,0.2258843773784705,0.0,
Pediatric-CT-SEG-99382942,0.0,0.0,0.0,0.46322132666241944,,,0.0,0.3664525571184649,0.0,,0.020737030411449017,0.4846654607515508,0.0,0.45486504035631853,0.14653275569280433,0.8725283734121313,0.8185902667045746,0.0,,,,0.5112306462646073,,0.0017676236284382984,0.0,
Pediatric-CT-SEG-906B8910,,,,0.7485117139723865,,,,,,,,,,,,0.9569075993618523,,,,,,,,,,
Pediatric-CT-SEG-D20DA719,0.0,0.0,,0.33314179684418266,,,0.0009745638826625085,0.0,0.754187427479353,,0.2768785307572332,0.9450105768979655,0.9437820090632956,,0.850694005794928,0.6783217675598557,0.46641135087882213,0.10738086707273378,,,,,,0.5308075177541544,0.0,
Pediatric-CT-SEG-3B5CED31,0.0,,0.0,0.7151336592693852,,,0.041857206077592565,0.1519283818248061,0.0,,0.6031494998250931,0.8953510940835943,0.9466216708988324,0.444381421635123,0.8083066998567933,0.6934603401382985,0.7214969151810633,0.3821100238092526,,,,0.7506319674120919,,0.5497240474306803,0.11117471366131897,
Pediatric-CT-SEG-E69AC901,0.0,0.0,0.0,0.45162374647519093,,,0.0,0.3151338933161031,0.0,,0.10523661082160568,0.0,0.0,0.019671424803972916,0.34853035771085394,0.7827323648893162,0.8322088487279858,0.0,,,,0.0003719109804503222,,0.12995750800131864,0.02883150750033511,
Pediatric-CT-SEG-C60A79C6,0.0,0.0,0.0,0.428794901423755,,,0.04989924781959976,0.4138958661501128,0.0,,0.3269624783687051,0.9195925579044689,0.89826787202334,0.6846509973153995,0.368787252234197,0.5370484987752278,0.7396354385275834,0.23025264374851237,,,,0.5049842319182978,,0.6290651783934622,0.0,
Pediatric-CT-SEG-1188A817,0.0,0.0,0.0,0.42622083257064375,,,0.0,0.24648896531957581,0.0,,0.0,0.6622613179216953,0.09193226262794375,0.6476737728424571,0.014628464559668684,0.810352956011974,0.7264865634679821,0.0,,,,0.3779521779634701,,0.0,0.0,
Pediatric-CT-SEG-CAB73EEC,0.0,0.0,0.0,0.12995378119870046,,,0.0,0.0,0.0,,0.0,0.41662844514864694,0.24801690736174709,0.06398877819279009,0.4623624196412501,0.5022728519589633,0.0,0.0,,,,0.43412358681517366,,0.21306753968311837,0.15390727339102797,
Pediatric-CT-SEG-691FB79F,0.0,0.0,0.0,0.5543615930477557,,,0.13903870088306763,0.3640255686041326,0.0,,0.4664193874708616,0.9237111998933857,0.9199358205822397,0.784411130055612,0.4510046422370861,0.9123504118559215,0.8684669830290356,0.22513476376704367,,,,0.5794571219709509,,0.8416713286583315,0.0,
Pediatric-CT-SEG-FA258908,0.0,0.0,0.0,0.30484646412972227,,,0.0,0.056155507559395246,0.0,,0.0,0.16215492024740794,0.0,0.19388302779222086,0.12852767022826345,0.7433515149296531,0.6924785964251269,0.0,,,,0.20302046955129843,,0.0,0.0,
Pediatric-CT-SEG-65C8CFBB,0.0,0.0,0.0,0.7188125755956708,,,0.04582581945475761,0.44945870958720624,0.0,,0.615639675039425,0.9133784474223292,0.7795446904567503,0.4969139905301626,0.7805915270574997,0.9373137821592581,0.8715887776468838,0.5301257304662087,,,,0.7673568392546495,,0.6605477543919476,0.7876053188515753,
Pediatric-CT-SEG-F77ACFBB,0.0,0.0,0.0,0.29383043688988963,,,0.0,0.2708271178112002,0.0,,0.4094944179412777,0.0,0.0,0.46484590575703805,0.0006666051239195604,0.872089614930181,0.7597819156792979,0.0,,,,0.19098055881049228,,0.013556994712464647,0.0,
Pediatric-CT-SEG-0B387FB5,0.0,0.0,0.03870967741935484,0.8105318534758528,,,0.2086012712336914,0.511980020291891,0.0,,0.6562976247896867,0.9303346557956972,0.9140373652424225,0.7617711221686774,0.8268909675764614,,0.6557699584552927,0.41714131946001703,,,,0.8313759239801656,,0.8269083667936529,0.6485175653768881,
Pediatric-CT-SEG-BA02E452,0.0,0.0,0.0,0.7006256594761965,,,0.18975808985234055,0.21109837388018513,0.0,,0.6778802584404651,0.8802189049613319,0.739688027836702,0.6758185353041857,0.7147010723437437,0.6480304699397595,0.6905999452616924,0.38557496030845995,,,,0.5280131220309243,,0.7834196738682522,0.06967558545009833,
Pediatric-CT-SEG-9B29D191,0.04427415921668795,0.0,0.0,0.5549862792220672,,,0.0944949685196147,0.33540484015536304,0.0,,0.511764760167466,0.7044174540777696,0.8240884814331974,0.4902572179594964,0.730990917986495,0.8168154428146354,0.8974356421051793,0.24612415167175145,,,,0.5839180383618617,,0.8112750720589547,0.22502991392509294,
Pediatric-CT-SEG-6488A2EE,0.0,0.0,0.0,0.7753533698953682,,,0.14639044729201686,0.48943353757659125,0.0,,0.6551874214853232,0.8067282994145235,0.7233353846581763,0.5232824533793853,0.4389525593171035,0.9503385273333781,0.92562552606294,0.0,,,,0.6938393935099393,,0.5850305447054144,0.34798057963410345,
Pediatric-CT-SEG-160178E4,0.0,0.0,0.0,0.159656915519368,,,0.0,0.0,0.0,,0.0,0.0,0.0,0.20183173295134174,0.09338332161036501,0.10608956633861762,0.16824495067318138,0.0,,,,0.6774269830872844,,0.0,0.0,
Pediatric-CT-SEG-389,0.0,0.0,0.0,0.2114774728961531,,,0.00579080709373869,0.3253191322734748,0.0,,0.0,0.276469182175175,0.0,0.2822824995086585,0.032286139419972486,0.8909872558134163,0.836123984449188,0.0,,,,0.1295847282923981,,0.0,0.000226827008725194,
Pediatric-CT-SEG-3EE98BA3,,0.0,0.0,0.343264250720349,,,0.11863945578231293,0.3486432741035345,0.0,,0.0,,0.8334550937750218,0.5628996491492306,0.30884672422677173,0.85661033618118,0.8473821567011437,0.0,,,,0.19741752356055361,,0.26963864886095834,0.0,
Pediatric-CT-SEG-642CA0DF,0.0,0.0,0.0,0.6062942481106776,,,0.16555299416782637,0.5575178997613365,0.0,,0.3140782349071403,0.8744688261929642,0.9253341622629779,0.28875018346231945,0.6190761813427721,0.8767069610423909,0.9135308947787085,0.0,,,,0.4850389248581639,,0.008113769873726253,0.0,
Pediatric-CT-SEG-7FF0293F,0.0,0.0,0.0,0.5140444032475492,,,0.06456321815110629,0.2261710142867297,0.0,,0.1716093937179323,0.7610419270512911,0.9156869187964662,0.665725625728037,0.016004231704905298,0.9268183339826276,0.8192559980309021,0.0,,,,0.5752613942450091,,0.0,0.0,
Pediatric-CT-SEG-93718342,0.0,0.0,0.0,0.4404010715980917,,,0.024406351394033365,0.47222860645062437,0.0,,0.032181692666224976,0.2014660489473001,0.0,0.4356633450182286,0.0,0.7910753982885793,0.7691876499686835,0.0,,,,0.23780409041980624,,0.025745285563139222,0.0,
Pediatric-CT-SEG-384,0.0,0.0,0.0,0.6421369936484131,,,0.3953685564749569,0.3929988806349852,0.052550360762397295,,0.23444652083998446,0.8553907347227491,0.8967365880398004,0.5693401666577559,0.7629584099974563,0.8978887514950031,0.8727000918810977,0.10579013549880718,,,,0.47347656943861033,,0.7066469543474594,0.25093372938105823,
Pediatric-CT-SEG-F709DE6D,0.0,0.0,0.0,0.3487580779491473,,,0.0,0.15272159719060935,0.0,,0.30637279724529065,0.5800554158194277,0.0,0.1519328111302774,0.5100475613351533,0.8011405404201287,0.7297351512468331,0.0,,,,0.03498123211673122,,0.23865746549560854,0.3076969038565997,
Pediatric-CT-SEG-65A12C1E,0.0,0.0,0.0,0.692662226539013,,,0.3209615109457719,0.5112697641386013,0.0,,0.5921809919439296,0.932743464769872,0.9263545277737879,0.5062913467394832,0.10838999473394813,0.9071081235697941,0.9307079907944887,0.0,,,,0.5359870959304226,,0.0013907975561700085,0.030641760231400215,
Pediatric-CT-SEG-356,0.0,0.0,0.0,0.21423540657018764,,,0.0,0.0,0.0,,0.0,0.0,0.0,0.4165314058462097,0.0,0.5903085953985651,0.05917173727496922,0.0,,,,0.437242820202437,,0.0,0.0,
Pediatric-CT-SEG-F3F794FB,0.0,0.0,0.0,0.30845932090920836,,,0.0,0.28733777241351255,0.0,,0.3376647929025658,0.7824660610180665,0.0,0.2248627203699325,0.3167503009116827,0.8634284812129012,0.8365841313527805,0.0,,,,0.11383137458132328,,0.1230405957678685,0.4573224172206665,
Pediatric-CT-SEG-399,0.0,0.0,0.0,0.7113300376448343,,,0.0854226432717326,0.4831759149940968,,,0.7463116830214692,0.8497980915448635,0.9173206640987785,0.38062546716899354,0.6678518270488258,0.9355027259422701,0.918857402199102,0.11040901716335069,,,,0.6378279167251506,,,0.027614332670535244,
Pediatric-CT-SEG-F731AFD4,0.0,0.0,0.0,0.7528710664106674,,,0.18796468401486988,0.5676176890156919,0.0,,0.6266513424092391,0.31698135403799776,0.8921027215769792,0.6595542045342169,0.7290967970821238,0.9487168752524067,0.8995125437360918,0.0005570545739402907,,,,0.4113346452715238,,0.0,0.0,
Pediatric-CT-SEG-0C49C1B7,0.0,0.0,0.0,0.6661870812340863,,,0.0,0.4605739920630356,0.0,,0.0,,,0.6729623559107734,0.30111427247816375,0.79643183451941,0.3993959889416401,0.0,,,,0.46446441804270977,,0.0004653533361402265,0.6086756177008024,
Pediatric-CT-SEG-B01E38C9,0.0,0.0,0.0,0.11674314374132963,,,0.0,0.0,,,0.0,0.020274571380071296,0.8697991694596662,0.16401234858256197,0.20005103750410627,0.008451665398041944,0.0,0.0,,,,0.1859522390265926,,0.0,0.0,
Pediatric-CT-SEG-2F284535,0.0,0.0,0.0,0.521307243110337,,,0.30083299619290654,0.30795597131402574,0.0,,0.05452214354852476,0.8597127930195028,0.8736711511831502,0.5034245056774383,0.8745260016432482,0.8942949084321133,0.8792005010174699,0.0,,,,0.3834030346240821,,0.011744805986563703,0.0,
Pediatric-CT-SEG-C9616E71,0.0,0.0,0.0026313179039255713,0.68882733041437,,,0.0,0.12699540043290045,0.0,,0.4740105254090594,0.8677384684209557,0.9166112134312745,0.6315018815931553,0.699681045968285,0.8577950632497282,0.8031956026372993,0.25018224895206853,,,,0.6673978681050988,,0.8140727802368525,0.8018108530493301,
Pediatric-CT-SEG-A7F73045,0.0,0.0,0.0,0.4008927814240271,,,0.0,0.3584013549434264,0.0,,0.247288534220322,0.9028493275586962,0.8449183303085299,0.25073475282521596,0.6572483717445283,0.8401610204054625,0.8866691579816658,0.32241351041154287,,,,0.3167955471143415,,0.008163043182498435,0.7531276749614229,
Pediatric-CT-SEG-46DF4E01,0.0,0.0,0.0,0.6549133940000642,,,0.22219482500886129,0.5613064429769766,0.0,,0.002540649125769693,0.9244815536205316,0.9282754158300425,0.1708157308341831,0.31196573483912476,0.8755577686823663,0.7363163640050617,0.0008900096417711192,,,,0.2782199861550846,,0.0,0.34509726593124196,
Pediatric-CT-SEG-66EE3D8A,0.0,0.0,0.056412854923230844,0.7573621497559971,,,0.17259559935892635,0.6376884273872385,0.0,,0.6349357925927627,0.7754523789476767,0.8048899730918259,0.6811710265566094,0.6524854910656493,0.9488815196670717,0.8825040761511134,0.2894087503551685,,,,0.6863738015197652,,0.7547062107291111,0.46284204307208004,
Pediatric-CT-SEG-BEC712BF,0.0,0.0,0.0,0.35183982910636874,,,0.0,0.10782542550156889,0.0,,0.0,0.7443568258054278,0.08114127055284812,0.3182073086509023,0.17044900915388517,0.6225233595937917,0.7534211480362538,0.0,,,,0.3574807392127706,,0.0,0.0,
Pediatric-CT-SEG-E66B16E4,0.0,0.0,0.0,0.6888258477639584,,,0.2901769452385946,0.528990837958938,0.1622643472831648,,0.5980736186948719,0.7510516785912511,0.9091356040938442,0.5304411618068119,0.44250632595378864,0.9259025759366568,0.9093163250442663,0.0005913590613948978,,,,0.5480150251536351,,0.0,0.0,
Pediatric-CT-SEG-5AEBE68F,0.0,0.0,0.0,0.5988363992249046,,,0.0,0.07431490942870414,0.0,,0.0,0.9359969921339566,0.9300904947133443,0.6389764900697177,0.32736011007173405,0.4652560939611492,0.3378533757453078,0.3099639884859507,,,,0.3719166014652941,,0.0,0.47549979802291104,
Pediatric-CT-SEG-C1655E97,0.0,0.0,0.0,0.445465784925136,,,0.004257088218175771,0.0,0.0,,0.0,0.8742558988330849,0.6325300167687599,0.6159096078132625,0.607049375455274,0.6885668659786356,0.208817422803375,0.1127854303411297,,,,0.4094965404573015,,0.0,0.3386159477748933,
Pediatric-CT-SEG-37105B7A,0.0,,0.0,0.6408727750282944,,,0.03605137686095164,0.2891842655691249,0.0,,0.08379428866455844,0.4552810853803327,0.43511869829961086,0.5814969339727695,0.23560367047640435,0.9149644779975109,0.893949681206213,0.0,,,,0.42247023259098354,,0.44887077756326366,0.0003185584169770399,
Pediatric-CT-SEG-B93CB2C7,0.0,0.0,0.0,0.42910849646738963,,,0.0,0.07845093583134712,0.0,,0.0,0.09217477656405164,0.5348803620432333,0.27508452594677557,0.8268874253461426,0.41044331386733884,0.7611119228183238,0.07952095808383233,,,,0.4518467357342542,,0.029202724001546377,0.5726815286946746,
Pediatric-CT-SEG-42BCEEFD,,,0.0,0.40182470986100144,,,0.0,0.3184471640158886,0.0,,0.2081856974721431,0.10069565536609093,0.0,0.537428334503171,0.2682431002736185,0.8553916479897219,0.8720006515279024,0.0,,,,0.3381851043078674,,0.1925759442448361,0.12377958446251129,
Pediatric-CT-SEG-402,,,,0.709061319595597,,,,,,,,,,,,0.7067200297840656,0.5402718401731038,,,,,,,,,
Pediatric-CT-SEG-817059BA,0.0,0.0,0.0,0.6312653435558464,,,0.0,0.47442088892526807,0.0,,0.002711254046065299,0.9163028079057993,0.9326675693001141,0.3495904235606405,0.20692023109275295,0.8919971951254374,0.8778646484790189,0.0,,,,0.25839109811079497,,0.0,0.09770955343669244,
Pediatric-CT-SEG-43FD435D,0.0,0.0,0.03894756119895,0.7295648474051374,,,0.43814696485623006,0.48842402162416265,0.0,,0.6293834251662815,0.9498219241718581,0.9489786489044733,0.6431871091237213,0.10204369945151874,0.9429908622104962,0.9192854986782609,0.2763531846894673,,,,0.6997113371701927,,0.0,0.14422410750467327,
Pediatric-CT-SEG-382,0.0,0.0,0.0,0.5152691357555036,,,0.022253775655092293,0.47338788379250807,0.0,,0.12362822055653513,0.6754041479378597,0.0,0.586448090414649,0.5621636310258905,0.75832967403932,0.8625880435807307,0.0,,,,0.43801225835004287,,0.3930880232710545,0.038625063248439874,
Pediatric-CT-SEG-404,0.0,0.0,0.30510136199712895,0.5766255373048239,,,0.2136193190340483,0.0,0.6056741245268171,,0.0,0.9168068324382512,0.9344204207786194,0.18368998452227248,0.9068575264411581,0.08245859843351631,0.06330364671163576,0.0,,,,0.497664792506179,,0.0,0.41439068205405816,
Pediatric-CT-SEG-00DCF4D6,0.0,0.0,0.0,0.7363388004555184,,,0.5756954672324472,0.6355210326841533,0.0,,0.8277398036353287,0.9148484215343899,0.9350342546657218,0.3675689964824281,0.6406164086766222,0.8746596735923692,0.6216304111317608,0.4231319298137697,,,,0.618310235197118,,0.7344221566233814,0.0,
Pediatric-CT-SEG-5E12AC25,0.07491805837365381,0.0,0.0,0.7382018881668548,,,0.2644044701407091,0.36660435373315764,0.142658205370244,,0.5833107339407113,0.8171571111581247,0.8489918819773945,0.7902110034103543,0.6979706395742111,0.9380877915891442,0.9155282556643034,0.42979342979342977,,,,0.7606326778420829,,0.5749160609324472,0.7465749970183828,
Pediatric-CT-SEG-A00B1583,0.0,0.0,0.0,0.4126908201428409,,,0.020169919099950705,0.22732401762839846,,,0.008142844722595475,0.9201146891371204,0.6050830064906858,0.6414357710495991,0.568997933607429,0.8735148054916699,0.8506189970984777,0.0,,,,0.5110370246283018,,0.0,0.3999722448979592,
Pediatric-CT-SEG-ECEC4A0B,0.0,0.0,0.0,0.322301772777794,,,0.38881449389523437,0.0,0.0,,0.0,0.8414589351602805,0.7766631024425199,0.05764045087869494,0.902338567036442,0.640955674444844,0.0,0.25175190099895633,,,,0.3990643584201543,,0.6232383074248485,0.5174474861503788,
Pediatric-CT-SEG-AE15BE14,0.0,0.0,0.0,0.43785028014187605,,,0.0,0.020269025244149624,0.0,,0.0,0.0,0.0,0.628874582296393,0.47776154940458915,0.6172076260142006,0.7969776601281153,0.0,,,,0.2321238714324799,,0.07968498299624127,0.0746500538378711,
Pediatric-CT-SEG-38C25E47,0.0,0.0,0.0,0.5336906285749025,,,0.2179214244242307,0.15546376267367631,0.0,,0.0,0.7666722828562692,0.9068230161551765,0.7426053685558394,0.23166902433285794,0.5504203474644658,0.5457931700936587,0.0,,,,0.47397546884285724,,0.0,0.4889974850576949,
Pediatric-CT-SEG-0D4D6667,0.0,0.0,,0.37862266563473845,,,0.0,0.38844519172388026,0.0,,0.0,0.0,0.0,0.012932939945228851,0.24969281276658079,0.5372250423011844,0.6913244516123498,0.0,,,,0.007764493599950283,,0.0,0.0,
Pediatric-CT-SEG-3555A98F,0.0,0.0,0.0,0.8169664886552948,,,0.14939008290647937,0.16234701223902087,0.0,,0.6888515463030288,0.7908006957300269,0.8362816110936152,0.571567137903587,0.17661245049069163,0.9472044449209227,0.9425419359567996,0.0,,,,0.5376629743222094,,0.0,0.24687203382517905,
Pediatric-CT-SEG-491B83F3,0.0,0.0,0.007350274426364274,0.7644783297137641,,,0.38324916861682473,0.5807609338907661,0.0,,0.6578161845915047,0.9309106672788927,0.930465698767038,0.6492063691689599,0.7857784702799578,0.9475745325349337,0.9306071565265617,0.30775977371894664,,,,0.6978668708958472,,0.5120100408909073,0.0,
Pediatric-CT-SEG-70FF6DD1,0.0,0.0,0.09053026049024418,0.7251794777237458,,,0.02067560552785967,0.07734201061825655,0.22239255446292672,,0.11216078877954679,0.9444282281790265,0.9472948345462701,0.3866968275165921,0.8307355398156089,0.8963300756074095,0.7840250233440135,0.31954402868025994,,,,0.6367953346634067,,0.7524198976018104,0.41309105417250946,
Pediatric-CT-SEG-20DD8C56,0.0,0.0,0.0,0.6126222676921819,,,0.06848925600047884,0.3471301333389022,0.0,,0.34221722824010997,0.1410474279777871,0.22653839856481706,0.602381790335269,0.28376898639178444,0.8741329487746727,0.842751998455948,0.0,,,,0.5540213371377717,,0.6702997051468668,0.5569083320826341,
Pediatric-CT-SEG-ED076087,0.0,,,0.6309206248864022,,,,0.43042236185982813,0.0,,0.2713918606054621,0.8963085124014095,0.82259340838636,0.18981890430420092,0.4060461404804371,0.8859850760319908,0.8519273759017467,,,,,0.3626088197372336,,0.7355606242609848,0.4770848732475074,
Pediatric-CT-SEG-5636AA65,0.0,0.0,0.0,0.4613184349026857,,,0.11150106438064553,0.6237850554076642,0.0,,0.0508731933743722,0.5085133746936399,0.9276549384052978,0.5053906039373397,0.02035447821677172,0.8869262825965523,0.513983915840973,0.0,,,,0.33217349311244754,,0.0,0.004941786926620347,
Pediatric-CT-SEG-790C6724,0.0,0.0,0.0,0.7346649373108517,,,0.16668650463018067,0.5956744652012493,0.0,,0.8074956007543918,0.9146167445951161,0.8790624355461268,0.6524844777636091,0.7713794513258256,0.8918272190709167,0.7497245519842997,0.0,,,,0.7235260846129646,,0.8151156702277533,0.12916332071431302,
Pediatric-CT-SEG-D5D9FBD7,0.0,0.0,0.0,0.27601971531701414,,,0.0,0.0,0.0,,0.12608493206585714,0.06556963527910496,0.20874117914864557,0.22458061959580974,0.6456782794620805,0.2782564083602178,0.0,0.0,,,,0.3879243391498951,,0.0,0.0,
Pediatric-CT-SEG-D6EED145,0.0,,0.0,0.4357917248451196,,,0.45316938824192743,0.23938999881782716,0.0,,0.046032485387585836,0.8890763307267892,,0.7556527948529744,0.045978689369274496,0.8324933478889566,0.9038234692754125,0.06290911197358512,,,,0.6167733085611592,,0.14918275528219146,0.0,
Pediatric-CT-SEG-769F1A5A,0.0,0.0,0.0,0.26151847610693624,,,0.0,0.2827474039784812,0.0,,0.0018967323054155875,0.0,0.0,0.21766410561433952,0.023955382916683192,0.6091928224634685,0.7295298006083771,0.0,,,,0.04810224351323349,,0.0,0.338136352913423,
Pediatric-CT-SEG-D1572D48,0.0,0.0,,0.40643462762789784,,,,0.46205396301884144,,,0.17181239557197223,0.45756211850299033,0.6508621597153504,0.0,0.5680677876204612,0.836024640468643,0.6033809692947071,,,,,0.0,,0.18485656194095798,0.009669694094256925,
Pediatric-CT-SEG-57970F4B,0.0,0.0,0.0,0.6355725406985384,,,0.1245400125489664,0.4677355836849508,0.0,,0.5342110683210987,0.7959017553793885,0.8988694720047864,0.5748249873507578,0.5936398608891973,0.9411658527684638,0.872368351144948,0.0,,,,0.479458371854343,,0.12439593047901654,0.027263618625744872,
Pediatric-CT-SEG-7CD1BD9D,0.0,0.0,0.0,0.33264359453523573,,,0.009189440599850602,0.3359756759691606,0.0,,0.2556086107930198,0.8563905758091219,0.07074193079191295,0.4355832560826614,0.5177446682098725,0.8811290583394721,0.8392238182959033,0.0,,,,0.21489340151189945,,0.0,0.002157265898199715,
Pediatric-CT-SEG-CF28F28B,0.0,0.0,,0.3608977351658487,,,0.0,0.5069810448451225,0.0,,0.0,0.19949592323726814,0.7695378327018919,0.4148436035710575,0.36602042225723613,0.29412553141034675,0.5087502998821333,0.0,,,,0.2437411693080981,,0.0,0.003964417331785323,
Pediatric-CT-SEG-2AA52776,0.0,0.0,0.0,0.5047994344250541,,,0.0,0.08302620387995625,0.0,,0.29211040718745995,0.8402795643598319,0.23333191628051977,0.7458653991913252,0.1972665294661632,0.9329090658123197,0.9093038755960104,0.0,,,,0.4752165861408028,,0.0,0.0,
Pediatric-CT-SEG-DD7F4855,0.0,,0.0,0.36601370237414416,,,0.22501344020331362,0.2165755333976627,0.0,,0.0032455928519681235,0.9140006692554922,,0.6274733077665867,0.6143559174588342,0.6707898913068397,0.695936579448969,0.026303673920383044,,,,0.5579830623917604,,0.0,0.007031667982981325,
Pediatric-CT-SEG-2D905107,,,,0.0002783038923891616,,,,,,,,,,,0.0,0.7558001707073653,,,,,,,,,,
Pediatric-CT-SEG-1FFCD182,0.0,0.0,0.20349655457521237,0.7422130790893571,,,0.06653043767523642,0.46947761746816896,0.0,,0.5901561665508837,0.7986169091497716,0.8772660180008992,0.6679623042638492,0.5246118077597681,0.9455399081654418,0.9041946364950785,0.0,,,,0.49608193323173455,,0.3024197364685098,0.03627700509393153,
Pediatric-CT-SEG-32820634,0.0,0.0,0.0,0.44271850613226166,,,0.0,0.5184893577933496,0.0,,0.0,0.0,0.0,0.5585885137551722,0.20223529619544608,0.7540915637804445,0.8059168624669356,0.0,,,,0.5126989482544071,,0.0,0.07329135984676013,
Pediatric-CT-SEG-218C084A,,,0.05277953153051471,0.8037988066943321,,,0.0665172148425737,,,,0.7124681623600759,0.7232361302204068,0.9019552916129755,0.6737197542699581,0.4470847696822657,0.9490127876225511,0.6798884020756917,0.2700572828714281,,,,0.5949426976197473,,0.48935062905586507,0.037254622439307425,
Pediatric-CT-SEG-06722123,0.0,0.0,0.0,0.693669836255063,,,0.41443941755693264,0.6745871420635321,0.0,,0.44520450769358844,0.7930205714100658,0.8438097575669675,0.7768239575579817,0.504647787946123,0.9376009096282201,0.9037749710904034,0.1975821795509762,,,,0.7000206455926641,,0.0,0.0,
Pediatric-CT-SEG-9ECC8D5B,0.0,0.0,0.0,0.7159607375610311,,,0.34721272028120503,0.438139304785601,0.0,,0.6299651370426008,0.829568565644745,0.8586748733827687,0.6010159203175631,0.3950364296027983,0.9373525216622717,0.898610445715741,0.0,,,,0.6995068163214239,,0.3392391113479343,0.0,
Pediatric-CT-SEG-886ABD82,0.0,0.0,0.0,0.2805301856726952,,,0.22194162089357494,0.0,0.0,,0.0,0.8955649523060282,0.7218436893156868,0.5575815626861662,0.18732033081243643,0.6695966739451276,0.39493696587112614,0.024771239327692485,,,,0.4594720302986246,,0.020223926886845076,0.0,
Pediatric-CT-SEG-374,0.0,0.0,0.0,0.4576463890860737,,,0.12184712656655752,0.1461038961038961,0.0,,0.0,0.2532914823186605,0.6856774096221457,0.5591852926422697,0.0,0.8781672252376704,0.9241211976867943,0.0,,,,0.33532464785665855,,0.0,0.0,
Pediatric-CT-SEG-8538895B,0.0,,0.0,0.4309634108122996,,,0.36899610558199913,0.23613273647333594,0.0,,0.0661595819047302,0.9114594428677126,,0.6307759222486264,0.4485807124692995,0.8755971230335222,0.8857684393040657,0.054012394224417254,,,,0.5831779272632622,,0.21297250431729833,0.009365458048451378,
Pediatric-CT-SEG-9EC8B17D,,0.0,0.0,0.299989265153769,,,0.0,0.05941880512730816,0.0,,0.06687360654324181,0.0,0.0,0.3175825193326252,0.2817027366530389,0.8100162213125794,0.749167882056802,0.0,,,,0.08931269156461992,,0.0,0.0,
Pediatric-CT-SEG-FC1AE8BA,0.0,0.0,0.0,0.2619850230555741,,,0.34216578538714054,0.34677961543633185,0.0,,0.11444628619440587,0.7620668595008014,0.8443083205717202,0.4175612673049335,0.03239434787045274,0.46589840924951337,0.7004434079439942,0.0,,,,0.20547485907112936,,0.43094053361011053,0.35755965497701947,
Pediatric-CT-SEG-DF1F8F21,0.0,0.0,0.0,0.7815512465553848,,,0.0,0.385124057875337,0.0,,0.7089592268138009,0.9212719018360166,0.9440233449570101,0.3090536065542112,0.8001622686505967,0.878010816132979,0.726071229120047,0.19356490569258342,,,,0.37739325460692086,,0.6302915751196907,0.26141047225380076,
Pediatric-CT-SEG-A79D004C,0.0,0.0,0.0,0.3591110240417911,,,0.0,0.34094668532892225,0.0,,0.0,0.7605964861059908,,0.42648037296620067,0.11947431130141377,0.7629357729455893,0.8355467373439744,0.0,,,,0.4693319970069951,,0.06863282913337194,0.0,
Pediatric-CT-SEG-72C58EB3,0.0,0.0,0.0,0.3339725850213903,,,0.0,0.16415098004934242,0.0,,0.21732873603183342,0.5372988428092195,0.20062589291788557,0.31747696138996884,0.772791755832772,0.7554753112562443,0.4710070797379694,0.0,,,,0.2199075086185151,,0.12273152851650432,0.002015715210492245,
Pediatric-CT-SEG-8495B26B,0.0,0.0,0.0,0.5300818645997212,,,0.0,0.2829390848309285,0.0,,0.21682781591006792,0.9302488006576759,0.6602211275230365,0.18710970722811607,0.0153398547092973,0.5833836818539577,0.3105090948262439,0.0,,,,0.2711673452048005,,0.0,0.0,
Pediatric-CT-SEG-4CC9C8B4,0.0,0.0,0.0,0.3259359060725628,,,0.0,0.06359605320976311,0.0,,0.0,0.4312859443294226,0.013484091847223458,0.2418892659755368,0.25282238205893254,0.8079197220180085,0.0,0.0,,,,0.19568832180795098,,0.011908407335578918,0.0071352079433794555,
Pediatric-CT-SEG-04D3978C,0.0,0.0,0.0,0.43744173457760543,,,0.0035848665303824844,0.331289477738407,,,0.48653617221541795,0.8849828243447552,0.7924788771224235,0.6064160100512365,0.376995100361695,0.8966804552960657,0.9079300747106792,0.0,,,,0.28648181433175196,,0.22564386291494332,0.0,
Pediatric-CT-SEG-5B6E8C36,0.0,0.0,0.0,0.4447541272891259,,,0.08307041487941201,0.4005751461436923,0.0,,0.46783511988520554,0.8168925989631572,0.9236261804956412,0.6949433692762682,0.00638100202178658,0.8646869947602248,0.8278757640742848,0.0,,,,0.6918064174084385,,0.00044661410680280127,0.0,
Pediatric-CT-SEG-BCCF0C61,0.0,0.0,0.0,0.6129387551326072,,,0.0,0.5001068705915881,0.0,,0.2745921498950089,0.8927133336292558,0.0,0.539605105848767,0.3309196658333821,0.9311635426442213,0.9227219952134129,0.0,,,,0.6542431385189811,,0.0,0.0,
Pediatric-CT-SEG-2B23622C,0.0,0.0,0.0,0.532512128607414,,,6.458488067943295e-05,0.41682242990654206,0.0,,0.0025317540638278933,0.871648095276172,0.8666261069424728,0.5467500812009842,0.24983893083557768,0.8223391964878838,0.8043642178566479,0.0,,,,0.3764278670661601,,0.0,0.0,
Pediatric-CT-SEG-7A676F9C,,,0.0,0.34014950128371163,,,0.0,0.0,0.0,,0.0,0.0,0.0,0.37438977121012135,0.0,0.5802154247545998,0.3507815617932686,0.0,,,,0.5097734610525472,,0.0,0.0,
Pediatric-CT-SEG-EB1DCBAA,0.0,0.0,0.0,0.4007552842620824,,,0.0,0.2920056100981767,0.0,,0.0,0.7625546949313765,0.5658843754225339,0.6623476297565024,0.7980360796236444,0.8544535330169556,0.8157080163681731,0.0,,,,0.47541188006028706,,0.22475486421274193,0.26585516450560115,
Pediatric-CT-SEG-A975CECD,,,0.0,0.23121385203507983,,,,0.0009777241840076914,0.0,,0.0,0.7784777006478956,0.7274505043966122,,0.7634105980531917,0.006776299063350341,0.0,,,,,,,0.0,0.0,
Pediatric-CT-SEG-B1CA7F8B,0.0,0.0,0.0,0.7450097513582961,,,0.06781512911097352,0.5357650579872802,0.0,,0.4865620208343213,0.9430972501293186,0.8989585446676135,0.7033037849604032,0.6429934559540849,0.9455353724234152,0.9250734183494935,0.0,,,,0.5983641251627063,,0.4533652938568186,0.0,
Pediatric-CT-SEG-E6667389,0.0,0.0,0.0,0.48958903570626666,,,0.003925743562445938,0.02026704816404387,0.0,,0.04442500169705015,0.7991954804933598,0.3660908037501317,0.5521209183118517,0.20001141959112426,0.7257000684622706,0.5981527006057973,0.0,,,,0.48558515464796653,,0.0,0.25136975526439986,
Pediatric-CT-SEG-885F9D36,0.0,0.0,0.039473684210526314,0.6809118759845618,,,0.4788099130883745,0.3967386127674166,0.0,,0.4995208312659978,0.7752449566815106,0.894778563843312,0.29783969551072464,0.6432368534946609,0.9550251073739077,0.8115496419296044,0.17207241699939835,,,,0.5095281214525184,,0.2908995588374726,0.10286923272823766,
Pediatric-CT-SEG-8BB6DC24,0.0,0.0,0.0,0.20767180784258565,,,0.00038945359660396464,0.0,,,0.06943489582642072,0.044410401627865595,0.7167148272845365,0.25978424702637914,0.5179198359500101,0.4576454607106122,0.03334342918363749,0.0,,,,0.4772996725054071,,0.0,0.0,
Pediatric-CT-SEG-8975C78C,0.0,0.0,0.0,0.4667043910927762,,,0.0,0.13891048991118568,0.0,,0.22891793661926926,0.02766690360325879,0.0,0.3801819528652267,0.5539701501622605,0.756969881483686,0.5035424586437174,0.0,,,,0.33289174997013127,,0.0,0.033101265475006456,
Pediatric-CT-SEG-5140F786,0.0,0.0,0.0,0.5276210967183745,,,0.0,0.3835911383081194,0.0,,0.06480617399161594,0.5283385180803944,0.5426083488433927,0.602100559867249,0.5357402104517109,0.8619673461527881,0.8693209788406582,0.0,,,,0.42487334884923095,,0.1393523061825319,0.10167501694859203,
Pediatric-CT-SEG-40210ED4,0.0,0.0,0.0,0.46814554675338554,,,0.2593817767486309,0.5633662874459735,0.0,,0.6546582130225069,0.8998222552910053,0.8258179443025948,0.2778860374739683,0.0,0.8521862591422789,0.4383268399195102,0.0,,,,0.1961860575561908,,0.0,0.0,
Pediatric-CT-SEG-B3407575,0.0,0.0,0.46230525708404163,0.7424167168588929,,,0.48659493479545424,0.37737366239871345,0.37571199805404093,,0.7138567442830696,0.867611350861053,0.756578821823178,0.6723604179800449,0.8336486810934575,0.954303831411581,0.8945421388793418,0.33103437551026754,,,,0.7640447970574175,,0.7457904380886717,0.11405517515697361,
Pediatric-CT-SEG-D5BC48FF,0.0,0.0,0.0,0.5820851193702825,,,0.12898954179519975,0.4445623342175066,0.0,,0.0005541907766820738,0.8614668016276527,0.904353783621763,0.5383890244117869,0.4851455762843597,0.9179639778654971,0.9150202621901159,0.16501773380623483,,,,0.3003848577570694,,0.024819047988667457,0.0,
Pediatric-CT-SEG-A4553513,0.0,0.0,0.0,0.6091082091709018,,,0.40548905109489053,0.4980921526277898,0.0,,0.3839208833510611,0.8547387091305085,0.9129083271431271,0.756970019660448,0.7028554026205508,0.9252335502620183,0.8808401990217933,0.30082599370236845,,,,0.7225242991739491,,0.7371317583929509,0.5554766344568778,
Pediatric-CT-SEG-A1FF5A26,0.0,0.0,0.0,0.46531625103538954,,,0.0013937976006769873,0.0,0.0,,0.0,0.009183870790846146,,0.6044752889743679,0.14227825197841007,0.09034820466253086,0.20604668366850312,0.0,,,,0.48088022938588243,,0.0,0.0,
Pediatric-CT-SEG-B722C905,0.0,0.0,0.0,0.26512129869884954,,,0.0,0.08216258879242305,0.0,,0.0,0.6527276888233019,0.8504903379684841,0.6062095310770304,0.4025910985387409,0.4566147868752752,0.0,0.0,,,,0.411338481679886,,0.0,0.0,
Pediatric-CT-SEG-02AC04B6,0.0,0.0,0.0,0.2850486368556021,,,0.0,0.09017625853667373,0.0,,0.0,0.27498175093678523,0.0,0.004808287113245332,0.2504389423250873,0.471765345248411,0.0,0.0,,,,0.20791208022971333,,0.27922004416654356,0.32376492426066356,
Pediatric-CT-SEG-AAFD6FEF,0.0,0.0,0.0,0.30464435923414984,,,0.12226752086973403,0.31398191151307747,0.0,,0.0,0.7633445714931293,0.01641493219919309,0.42702636379392894,0.0702233527874104,0.7934025367168567,0.47606793351628435,0.0,,,,0.2831197039131881,,0.09821425602867298,0.0,
Pediatric-CT-SEG-7BB4531C,0.0,0.0,0.0,0.6620728604843966,,,0.0003144097938650789,0.35465401603140845,0.0,,0.5134620521930482,0.9273528085117674,0.9349248455405087,0.5434970839079962,0.28823883790646293,0.9158256738706366,0.868025369762647,0.0,,,,0.7207567685539552,,0.4087736258382748,0.27954845457825767,
Pediatric-CT-SEG-668656C1,0.0,0.0,0.0,0.4285149729020062,,,0.13333035155201717,0.5437267324146039,0.0,,0.370063421296853,0.005066983992936931,0.5968640429924305,0.30692307837427046,0.3899715715786685,0.88230425482636,0.9033687248889308,0.0,,,,0.36024287570292335,,0.0,0.0,
Pediatric-CT-SEG-C5C7E361,0.0,0.0,0.0,0.6344914081461919,,,0.2670826150015051,0.36946658713374186,0.0,,0.44888105102653747,0.9262957573666682,0.8987400074451237,0.5506355752771098,0.2880534922277401,0.9016245890563005,0.8647232346380291,0.0,,,,0.8003898142522752,,0.0,0.03182182885286499,
Pediatric-CT-SEG-8DBBDE5B,0.0,0.0,0.0,0.44935061329038795,,,0.00594140210560679,0.4422703510082151,0.0,,0.1912200194995125,0.5765972707711025,0.7148006687834584,0.5458979313012537,0.1699389320728938,0.8567635504967518,0.779740212129544,0.0,,,,0.4651686004085635,,0.0,0.0025431534110169143,
Pediatric-CT-SEG-386,0.0,0.0,0.10901783098936221,0.633838324921698,,,0.0,0.33216382394831,0.0,,0.00981608648354637,0.8953515189743276,0.24007497585644216,0.5396400319326511,0.3108655101276091,0.8095792065535244,0.8432789631663448,0.0,,,,0.32264053493198064,,0.0,0.0030706609062020208,
Pediatric-CT-SEG-A52B1351,0.0,0.0,0.0,0.35042693386365875,,,0.06263262812680856,0.5557096462740279,0.0,,0.0,0.7930073484345336,,0.7280134750469683,0.2045851495974944,0.8800977780749756,0.8232088445404282,0.0,,,,0.25194104718976035,,0.0,0.5115250441235094,
Pediatric-CT-SEG-885A32DF,0.0,0.0,0.0,0.7311962982931474,,,0.2388525101340817,0.43539106016664364,0.0,,0.6255700953801064,0.9033007955763697,0.9081606586872901,0.6815680574741131,0.28318685789782005,0.8965016025502579,0.9127985491783371,0.26102441711033597,,,,0.5337470348006357,,0.06991861699438912,0.0,
Pediatric-CT-SEG-0D53FEEE,0.0,0.0,0.0,0.2688422543393735,,,0.0,0.3450173525037184,0.0,,0.6131711201557246,0.6570210931281507,0.526178847917422,0.13644953380957023,0.7441955274690445,0.8204384562487014,0.8266994935691268,0.0,,,,0.11165650919671828,,0.0,0.0,
Pediatric-CT-SEG-B1CBA303,,,,0.5900866653611184,,,,,,,,,,,,0.8760250880389041,0.8210870005120092,,,,,,,,,
Pediatric-CT-SEG-733DDF03,0.06088054696685973,0.0,0.03104255883579035,0.6586052789772713,,,0.3403435396823947,0.1823236992670606,0.0,,0.5266428220158799,0.8822728276606709,0.8746317210901056,0.3895401219115899,0.33719022224367173,0.9097361025467658,0.8563975789268955,0.44090947909916156,,,,0.6861502842479091,,0.0,0.0,
Pediatric-CT-SEG-355,0.0,0.0,,0.38875091908456605,,,0.0,0.0,0.0,,0.0,0.0,0.0,0.28690918802965876,7.70769529071861e-05,0.0,0.0,0.0,,,,0.36115858358891934,,0.0,0.0,
Pediatric-CT-SEG-0C78EBBE,0.0,0.0,0.0,0.4068394526702451,,,0.0,0.2976510161969641,0.14557949630108744,,0.04801284299705906,0.8521456524456495,0.7461631322848985,0.0,0.48213403691234213,0.0,0.8414380036450663,0.0,,,,,,0.0004999427148972514,0.29968350463775384,
Pediatric-CT-SEG-381,0.0,0.0,0.0,0.47590519769869566,,,0.051508611914165885,0.509636218496978,0.0,,0.13253199911368133,0.9135041632461592,0.8555274571207694,0.693977932827385,0.5218577484691475,0.8696513373725858,0.8588804010362314,0.0,,,,0.5698517332401796,,0.01962332641900811,0.4323046820461871,
Pediatric-CT-SEG-E1FF3C7E,0.0,,0.0,0.5966473719403195,,,0.046026712444379,0.2641986828646796,0.0,,0.29620599099202,0.6523155579747578,0.9125797945665467,0.34596340920810786,0.5623728459703113,0.9456316937762159,0.8891071100537716,0.0,,,,0.768571693181753,,0.0,0.017123414670325594,
Pediatric-CT-SEG-39D76B1C,0.0,0.0,0.0,0.7300536938090869,,,0.2983455608366593,0.5258579217447081,0.0,,0.1412073683082437,0.9111317328688505,0.9174461619259587,0.7288882143640073,0.726894844933367,0.9160811504407478,0.9085063167299837,0.19849669835620287,,,,0.799391376726143,,0.7328878593834965,0.323660087144932,
Pediatric-CT-SEG-F4E60C6E,0.0,0.0,0.0,0.44126017914384263,,,0.015110171225868068,0.4036922309307499,0.0,,0.5576346062838978,0.9104995311983437,0.9111399778763307,,0.7955416890746577,0.8464737412247999,0.6138521050967809,0.045879757616374854,,,,0.6727098098169757,,0.583724176790671,0.039768817944131,
Pediatric-CT-SEG-8D386469,0.0,0.0,0.0,0.3297923912350763,,,0.023303451465826745,0.015489035851026801,0.0,,0.0,0.7423547276315833,0.8353470238554775,0.41659718489100506,0.009473555037427906,,,0.1576289290566116,,,,0.4911484030015637,,0.5176589653106065,0.5390376169702378,
Pediatric-CT-SEG-AD87B3CD,0.0,0.0,0.0,0.6891806075746629,,,0.3653830913871979,0.19676604639010653,0.0,,0.5371514425487611,0.8591065795022039,0.9167595147279267,0.7850909611120384,0.8801802971327393,0.8424516828166815,0.8317985320540127,0.36603212004712593,,,,0.7572412805096216,,0.32924769439913537,0.7016132267400212,
Pediatric-CT-SEG-050CB44A,0.0,0.0,0.0,0.3291884170992936,,,0.0,0.011134307585247043,0.0,,0.0,0.6396225527846137,0.0,0.4184920102004466,0.2877817093385342,0.6039235795570915,0.009510303465832858,0.0,,,,0.4083969195698714,,0.3379530873194918,0.3582086788528187,
Pediatric-CT-SEG-E95142C5,0.0,0.0,0.0,0.43361358394807537,,,0.0,0.09832702578431719,0.0,,0.0016246862042704425,0.0,0.6570144782825761,0.14872674733610258,0.7782607511102194,0.6144365510734031,0.07719582719711003,0.0,,,,0.1821609487856705,,0.5066211137683635,0.04341195879966112,
Pediatric-CT-SEG-51733317,0.0,0.0,0.0,0.41431960689649044,,,0.0,0.2910717932532536,0.0,,0.16548670506619056,,0.6243221053086446,0.5017481484372924,0.26164379914223546,0.8910945992781004,0.8625508779100461,0.0,,,,0.3431085286228622,,0.08805136528546878,0.0,
Pediatric-CT-SEG-BFCF2E26,0.0,0.0,0.0,0.3833575391877873,,,0.26730911786508527,0.337351232981053,0.0,,0.02259626945141012,0.9069405218155614,0.8677166497314559,0.6180713706059986,0.2358549678646967,0.793726251831922,0.768638305174941,0.021755154895905966,,,,0.4558249065872332,,0.0,0.027704209394462043,
Pediatric-CT-SEG-C59F86D6,0.0,0.0,0.0,0.3005372185552487,,,0.0427008727309845,0.0,0.0,,0.0,0.22681890695298357,0.6390646822625698,0.6670186686392514,0.5953476672479855,0.8067901109140467,0.1091414170341944,0.0,,,,0.04661709358198892,,0.0,0.0,
Pediatric-CT-SEG-1360E26F,0.0,,0.0,0.5994115892591874,,,0.2220844231983404,0.30308776974016244,0.0,,0.6285785355500016,0.9313150748322515,0.8196194904250604,0.5790572443244691,0.7118830824092717,0.8309329312245758,0.8811283950184997,0.0,,,,0.5309405568201618,,0.4301311619180835,0.5066881541529904,
Pediatric-CT-SEG-39A80196,0.0,0.0,0.0,0.3710988941488975,,,0.25175964346088825,0.20249688376441258,0.0,,0.0,0.674086156787017,0.0,0.42715933021681735,0.4873663799169175,0.8031172531236913,0.8024079824364744,0.0,,,,0.6628330145643817,,0.11002352327633165,0.0016726717607373543,
Pediatric-CT-SEG-B05647FA,0.0,0.0,0.0,0.7465290046005957,,,0.21091748322869605,0.5011533260863802,,,0.5750097944725241,0.9303143190922902,0.8168956773768266,0.7964126208875316,0.6740957053247503,0.949299238303433,0.9283543376215702,0.0,,,,0.804547394514649,,0.647015400280005,0.29164109467488003,
Pediatric-CT-SEG-B55D30B3,0.0,0.0,0.0,0.4503640876540663,,,0.0,0.1748735022890062,0.0,,0.0179568970445321,0.6207082953045372,0.0,0.4264451096712338,0.3125020497123815,0.8914989350737026,0.8964178933979834,0.0,,,,0.7775517878961585,,0.0,0.0,
Pediatric-CT-SEG-6E9604DD,0.0,0.0,0.0,0.5889287398368175,,,0.029098299707529866,0.5673662830060935,0.0,,0.5600182827293503,0.3033237396713397,0.24847931256131806,0.3219934287541428,0.32307874751088295,0.9492479456148714,0.8367214830970556,0.0,,,,0.4328364194276158,,0.0,0.0,
Pediatric-CT-SEG-398,0.0,0.0,0.0,0.7596532109686224,,,0.0012946955561478999,0.44424856765094756,0.0,,0.28523775232874166,0.6090080055690915,0.33568804747103703,0.8093195336027518,0.4240457000975718,0.9384673545942673,0.5840994924514499,0.0,,,,0.7439968726100428,,0.17092269743718383,0.008168236269908764,
Pediatric-CT-SEG-639FF3B7,0.0,0.0,0.0,0.34567707971696027,,,0.004074180839819352,0.4609451019938786,0.0,,0.39566634719280147,0.8369033394965724,0.02499957522244185,0.5029309020411149,0.2595080159448658,0.6119884728198612,0.8724052336633,0.08312975260640677,,,,0.32668382293889037,,0.011075052178214239,0.12227064023510886,
Pediatric-CT-SEG-59397A22,0.0,0.0,0.0035096817017392836,0.758576842688981,,,0.08405968802008405,0.493917154121935,0.0,,0.630082148570289,0.8864395173466827,0.808669248702715,0.8839458965144219,0.7027451999696609,0.9378431396387473,0.8700730494677775,0.3968458421036097,,,,0.7948430955485218,,0.8397753219021693,0.549910847592885,
Pediatric-CT-SEG-3DA8BA0F,0.0,0.0,0.0,0.6212041896034074,,,0.038692703293979704,0.3800612052730697,0.0,,0.21941514064761503,0.9051384978860286,0.06994705652317781,0.7133743501910141,0.29198266160193204,0.9189154894586822,0.8968562099145209,0.0,,,,0.440281803808813,,0.0,0.0,
Pediatric-CT-SEG-D6A95512,0.0,0.0,0.0,0.41024753472065556,,,0.27121675925576005,0.2477692213665811,0.0,,0.039002367340204534,0.6863071750378481,0.9124989471024259,0.2667433619063326,0.49958570087806986,0.8623069824669333,0.6870589728291571,0.0,,,,0.5546135048577054,,0.0009550631507307737,0.0,
Pediatric-CT-SEG-1069C71E,,0.0,0.0,0.3971790305755629,,,0.2557781371959129,0.23225108349688908,0.0,,0.3292213555702038,0.9121260364842454,0.9030556463029511,0.5069166430297248,0.38213684492062744,0.8995251394508721,0.8766553423689798,0.0,,,,0.48620844233079574,,0.06548586378000618,0.014453583196718444,
Pediatric-CT-SEG-7C205617,0.0,0.0,0.0,0.28999519463530166,,,0.040367806800383974,0.5735782252710777,0.0,,0.34285231748933276,0.5967294692507157,0.7479318759688336,0.4403997411267664,0.49258997225894136,0.8715966337309203,0.7111891714801125,0.0,,,,0.3656904315074934,,0.0,0.0,
Pediatric-CT-SEG-CA967BD7,0.0,0.0,0.0,0.32891110194885514,,,0.0,0.01984783327820046,,,0.3174354227891624,0.028591051805337518,0.0,0.6019671599312821,0.05969332485696122,0.752911765412879,0.21785565472927038,0.0,,,,0.3815322724272679,,0.02691316932777494,0.0,
Pediatric-CT-SEG-A328BA9A,0.0,0.0,0.0,0.7359864594768033,,,0.1975448536355052,0.5738639448395678,0.0,,0.602838213472109,0.8822147030754316,0.9213979362180984,0.7152355063780838,0.39314693183746413,0.9121711484498016,0.9143169706635156,0.2077411302002991,,,,0.7426374679804504,,0.0006901597029552639,0.0,
Pediatric-CT-SEG-239D233D,0.0,0.0,0.0,0.5803927332868399,,,0.012230011574832384,0.08500782472613458,0.0,,0.39150021710811983,0.8867878251298127,0.8904825342513778,0.6179585104393914,0.1651542162714617,0.6204264222189412,0.7784391161403311,0.0,,,,0.4785778737645525,,0.3494211238035679,0.0,
Pediatric-CT-SEG-322E479E,0.0,0.0,0.0,0.581874819772648,,,0.041671573052818885,0.244847311329438,0.0,,0.4396482733784162,0.9270290035667156,0.8647619893132397,0.540870908437176,0.7902307558425722,0.5032215888813659,0.8615747698651696,0.24508717822030596,,,,0.2807413369113492,,0.0,0.6440862041548003,
Pediatric-CT-SEG-32C20E78,,,0.0,0.342111237778075,,,,0.31665834718484176,0.0,,0.007848641893944906,,0.7707076532541914,0.694043209757341,0.3887771838282179,0.9093485977599083,0.8953133307974375,,,,,0.19418666888753697,,0.07549811158937421,0.052576190205558246,
Pediatric-CT-SEG-F369B022,0.0,0.0,0.0,0.7660956554332995,,,0.0028063822564218625,0.4043639147633023,0.0,,0.23229341513765894,0.8819595493036602,0.7373585707619739,0.5319397570150323,0.7645023675729062,0.8949605943334934,0.873444078066824,0.2675206656812832,,,,0.5005423772541638,,0.09342631904532789,0.7180607871040346,
Pediatric-CT-SEG-63E23C60,0.0,0.0,0.0,0.45540608663552035,,,0.10958445040214478,0.018064701860448378,0.0,,0.0,0.7526885423159171,0.6561207686021346,0.6942987956310274,0.48048485872252344,0.0009648225691295371,0.33192466968312445,0.0,,,,0.5697054643995336,,0.8663687897633359,0.19615908382002015,
Pediatric-CT-SEG-281B30D7,0.0,0.0,0.0,0.8018022912266596,,,0.40920043811610074,0.50935659004274,0.03090839527765632,,0.6486511949251013,0.9385950300589063,0.9372305909361336,0.7965817175303771,0.8436606891762515,0.9609361768230917,0.953553612720224,0.37024916596216606,,,,0.7878010300190307,,0.8990106196421559,0.293942884005171,
Pediatric-CT-SEG-CF79E74B,0.0,0.0,0.0,0.5288415026604782,,,0.14313173069327786,0.1757140269307409,0.0,,0.005535178228298969,0.7528977356091359,0.2818091069646011,0.19331212948924373,0.4635381812212918,0.5972614977147692,0.5628868376598359,0.0,,,,0.41711553791027217,,0.612053495210092,0.6454938912489263,
Pediatric-CT-SEG-4A25C4F3,,,0.0,0.36138556204747946,,,0.0,0.1569760653823701,0.0,,0.5711769836358744,0.054017857142857145,0.0,0.47464746774395705,0.14826317000230044,0.7810997971317729,0.870130770131487,0.0,,,,0.5841560870906187,,0.19234631019641685,0.0,
Pediatric-CT-SEG-176261A0,0.0,0.0,0.0,0.5754484859370655,,,0.04597701149425287,0.41079189686924494,0.0,,0.6760606960994252,0.9117867288875677,0.842022347144146,0.5909439829579888,0.2091399604627295,0.9333804854134635,0.8659704708193398,0.0,,,,0.2694500212934234,,0.04109820523310625,0.0015742134664027694,
Pediatric-CT-SEG-7AF2728D,0.0,0.0,0.0,0.4991732078963954,,,0.19207098897953342,0.03142912346235589,0.0,,0.2520110736817382,0.8904915896982528,0.9160413163583954,0.5053770161626883,0.6113091421769449,0.8633061929357586,0.8207064584373291,0.0,,,,0.33267672456848213,,0.5334167721779964,0.10930263489624588,
Pediatric-CT-SEG-826600AF,0.0,0.0,0.0,0.44412528760589176,,,0.09907227121750085,0.2862766447506177,0.0,,0.4751941693966945,0.9289831872370768,0.896156300498757,0.6291571985197882,0.6091549567485396,0.7754111137007668,0.86519966095557,0.0006024398815201566,,,,0.3822853306299577,,0.7117725754857105,0.6099737429820518,
Pediatric-CT-SEG-5AFEEC27,0.0,0.0,0.0,0.38436496211864524,,,0.16941532299266343,0.5049645390070922,0.0,,0.006852022664382659,0.7080835236805401,0.8766196428712084,0.6679312329814519,0.46947335582158134,0.85469681142347,0.8514153353836852,0.0,,,,0.44611016432788875,,0.011849214145383103,0.439136794437654,
Pediatric-CT-SEG-681D8FF3,,,,0.6845193337653871,,,,,,,,,,,,,,,,,,,,,,
Pediatric-CT-SEG-1D20EAD2,0.0,,0.0,0.3576152229394986,,,0.07045793397231097,0.34176325957147874,,,0.0006440488868603884,0.8716968993985944,,0.11553831467148847,0.5522541233842778,0.6745771433509573,0.8108479499125996,0.0,,,,0.4714634154759269,,0.7985666995255825,0.10091647675286071,
Pediatric-CT-SEG-A0AE8B8A,0.0,0.0,0.0,0.41822982580521195,,,0.0,0.205573903470653,0.0,,0.0,0.08128857730701822,0.06938663797578262,0.5751614868407318,0.09513767792692324,0.6286457010617869,0.8294010206183933,0.0,,,,0.5708277013123988,,0.1702824955193309,0.5051708030677201,
Pediatric-CT-SEG-9A9D5891,0.0,0.0,0.0,0.713158744687723,,,0.07232497764755308,0.45519679910672745,0.22269405490815722,,0.08439337983859937,0.8517480877236419,0.9110229107929817,0.5659491104900324,0.29453447890353013,0.8761215882774994,0.633924744690599,0.2507271527387383,,,,0.4074449375027603,,0.18557226393965282,0.0,
Pediatric-CT-SEG-3B10B8AB,0.0,0.0,0.0,0.6669924876058455,,,0.1623889542973349,0.5034730282306304,0.0,,0.4144171308901054,0.9449409089418273,0.9462531435114264,0.6762255662183289,0.7415451629834352,0.9361624014452957,0.9075689294358271,0.5715832812076965,,,,0.7783213183706729,,0.30227909796459806,0.2064201387009734,
Pediatric-CT-SEG-57A2E054,0.0,0.0,0.0,0.23004534113764022,,,0.0,0.0,0.0,,0.0,0.8138064151654008,0.45290633137261005,0.6442096450520045,0.5940137397601348,0.027067807950534113,0.004152514970205462,0.0,,,,0.5870721561000107,,0.2511471310487413,0.0840475586666043,
Pediatric-CT-SEG-7F0165B3,0.0,0.0,0.16194518574210134,0.7401173982105042,,,0.23805637516479378,0.33430765142721286,0.0,,0.6256729847333874,0.9290664137357001,0.9079413266211483,0.5941378752867185,0.6417606449205829,0.9295758712519554,0.9010273861060013,0.2848811385976093,,,,0.6492909155610839,,0.13380534426949223,0.6087747043915736,
Pediatric-CT-SEG-E7702A63,,,,0.3658071716933751,,,,,,,,,,,,0.8594816760315892,0.8967625171983569,,,,,,,,,
Pediatric-CT-SEG-858CCBEC,0.0,0.0,0.0,0.4270485284236604,,,0.0005631467388328784,0.0,,,0.0,0.9233522276605212,0.9242366599577831,0.08357614069955525,0.22822735965264498,0.7529096931596304,0.31501946730484903,0.0,,,,0.25461138509550224,,0.1683267574586834,0.0,
Pediatric-CT-SEG-354,0.0,0.0,0.0,0.35231938058947154,,,0.0,0.19230277458125558,0.0,,0.0,0.5929786995869655,0.0,0.4514556576375535,0.549073116005473,0.3665022955279714,0.023018867924528303,0.0,,,,0.39737104331880435,,0.18600715137067939,0.10642846412517189,
Pediatric-CT-SEG-B0308EC6,0.0,,0.0,0.506435970808101,,,0.07106468873153696,0.38477237565423483,0.0,,0.34246501457052025,0.8606455440263638,,0.37441944098000657,0.12412891270072557,0.9132243336778805,0.9237056054237536,0.0,,,,0.3707011267661689,,0.0,0.24826619250648466,
Pediatric-CT-SEG-882CD2BF,0.0,0.0,0.09704675759113944,0.7650450941171648,,,0.4830807046292503,0.3588007237012148,0.24748552270649193,,0.6300679868260962,0.9220405824372984,0.9272453049414026,0.6245125921241363,0.8802598650165727,0.8612257053567277,0.8362062869301423,0.20542865293046322,,,,0.721602469160206,,0.8861428353890666,1.9947272709138844e-05,
Pediatric-CT-SEG-AC36D24F,,,0.0,0.23603664752682815,,,0.027009515868231422,0.0,0.0,,0.0,0.6452162924047273,0.2781281832733925,0.4373854618828582,0.5539192016001715,0.47346127193612225,0.1590444494328442,0.0,,,,0.20354384446586266,,0.0,0.0,
Pediatric-CT-SEG-0CFB450D,0.0,0.0,0.0,0.2010105938865576,,,0.0,0.17662606297402897,0.0,,0.002195360993139497,0.0,0.0,0.0018193115043025905,0.2087874457074369,0.8240931107781301,0.5226144878795856,0.0,,,,0.0049193683697067924,,0.0,0.32007293220619926,
Pediatric-CT-SEG-F0CBB224,0.0,0.0,0.0,0.7647576267137565,,,0.3934127819335021,0.6534286231228514,0.450021404109589,,0.7163860124012464,0.3708065430440578,0.9208616168116303,0.7632621362109456,0.5315445108695022,0.9439013060069532,0.8835360597643904,0.26674287418304715,,,,0.7259080452142367,,0.16017453367539033,0.0,
Pediatric-CT-SEG-340BB9AF,,,0.0,0.2759668770717991,,,0.0,0.24351671331946456,0.0,,0.0,0.02718440724396221,,0.02886233668085614,0.0,0.7400146402801547,0.22036647156800174,0.0,,,,0.466512873968124,,0.3508793039482373,0.0,
Pediatric-CT-SEG-028C9198,0.0,0.0,0.9108116060304088,0.7365907616990196,,,0.025211279628944597,0.26667750060940926,0.5727094424208462,,0.6661610110813272,0.8677977288081928,0.6861265466891238,0.26563163350940416,0.810566520722751,0.9455311101356646,0.8178412063751229,0.4654398409924266,,,,0.7583675261149235,,0.8238528810398624,0.465042251366956,
Pediatric-CT-SEG-0C74FB06,0.0,0.0,0.0,0.33982980617465075,,,0.0,0.07609618104667609,0.0,,0.006328275679389439,0.0,0.0,0.0,0.7115568965290371,0.7362039119651081,0.1257461736642193,0.0,,,,0.0,,0.0,0.07699098126532172,
Pediatric-CT-SEG-EFFD3E4A,0.0,0.0,0.0,0.3194583850632002,,,0.0,0.0,0.0,,0.0,0.9132652384602531,0.8169956228254421,0.39188940280790796,0.5541279513933298,0.35840059392370366,0.0,0.0,,,,0.6453170000987205,,0.0,0.6034584215144789,
Pediatric-CT-SEG-E03568A6,0.0,0.0,0.0,0.5379626636662053,,,0.2600666725151329,0.5994869915720044,0.0,,0.47123875910852286,0.8780020912088796,0.8979234164341933,0.45029328419996967,0.6970635729668395,0.9113935607042115,0.8942557010837046,0.0,,,,0.5906239357714277,,0.20867995826400834,0.5014236230183325,
Pediatric-CT-SEG-305BA50D,,,,0.8337085602194385,,,,,,,,,,0.05446563178211097,,,,,,,,0.4808252208151201,,,,
Pediatric-CT-SEG-C26BBB5F,0.0,0.0,0.0,0.5269401042074625,,,0.17722602739726026,0.3515802409767305,0.1919640035895297,,0.5475756616753003,0.9243048906072158,0.88623948090508,0.6345530516942742,0.5361211193568488,0.9400419366042829,0.9315675063606117,0.5170744645580532,,,,0.5418870861542685,,0.7604184610800467,0.0,
Pediatric-CT-SEG-379,0.0,0.0,0.0,0.4220827576869169,,,0.018039728715530005,0.301556420233463,0.0,,0.04462975343267759,0.6146814266509552,0.28746091801603424,0.7177941708730903,0.5358899103569779,0.8937555291108702,0.9115273400904781,0.0,,,,0.2907051319621085,,0.007012181001343152,0.23956933648563605,
Pediatric-CT-SEG-AB8F282E,0.0,0.0,0.0,0.36836260836901363,,,0.0,0.3398768591076283,0.0,,0.11871461452835752,0.0,0.747800315472963,0.406157755393932,0.19075322092290206,0.8251336369551073,0.6898431990628167,0.0,,,,0.36966208698164504,,0.007021533118022976,0.0,
Pediatric-CT-SEG-0C4BE19A,0.0,0.0,0.0,0.4966272088705854,,,0.22437705967424548,0.4810871635073141,0.0,,0.41765702476774424,0.877914570339972,0.91716043941694,0.7181275153330091,0.3929498342285238,0.9289785578575952,0.9079657580099026,0.063541878948441,,,,0.6177660529210816,,0.3040004834421078,0.0006522306287503261,
Pediatric-CT-SEG-0E3FF02E,0.0,0.0,0.0,0.43395969642559495,,,0.0,0.16673366834170855,,,0.003287617142820355,0.820656793303284,0.0,0.31158644370235966,0.6789099135541672,0.9106471635887071,0.8644270842964518,0.0,,,,0.4407138464163012,,0.0,0.5562948631232336,
Pediatric-CT-SEG-3ED0F03C,0.0,0.0,0.0,0.3898772286903803,,,0.0,0.17162928589842744,0.0,,0.1993113535255043,0.8645374017035864,0.7681245720070266,0.42639712226991044,0.6275945476867982,0.8339323069466058,0.7919664605614641,0.0,,,,0.40767239610353756,,0.2724632243932252,0.0032981236350670766,
Pediatric-CT-SEG-B9DA30EF,0.0,0.0,0.0,0.20974099843911215,,,0.12570977439042905,0.0,0.0,,0.0,0.6568005989518343,0.7099168510500513,0.6712042744287606,0.5772012854996568,0.03321776928804025,0.0,0.0,,,,0.5359824027805175,,0.033180418525733675,0.0,
Pediatric-CT-SEG-76E114A7,0.0,0.0,0.0,0.24608464861425472,,,0.0,0.0,0.0,,0.0,0.5587894321178978,0.8292468039058659,0.4133888748304532,0.09476256475803936,0.1401508691374221,0.03742884279474769,0.0,,,,0.49428107660725723,,0.07154447472997019,0.0,
Pediatric-CT-SEG-FD1B2AC2,0.0,0.0,0.3881373807776963,0.7122237648862887,,,0.005080665983691895,0.19959351123489782,0.0,,0.5174548503829768,0.8338585311953086,0.5811444514184875,0.6597657159405148,0.5929183631230668,0.3774210329869673,0.5244678670491805,0.0,,,,0.6377569853322801,,0.7440581478539106,0.0007599716593902019,
Pediatric-CT-SEG-BC4D2ECE,0.0,0.0,0.17670431327542885,0.7190667671605276,,,0.0,0.6715571857285761,0.0,,0.11210505055235842,0.7936258749168786,0.44076217535933176,0.5324088869021489,0.43126711859352795,0.9354126082293384,0.8877277734157992,0.0,,,,0.39929474812253124,,0.11635066352970122,0.10953993106178964,
Pediatric-CT-SEG-377,0.0,0.0,0.0,0.4023307603840558,,,0.0,0.3298082510168507,0.0,,0.005139680142768893,0.8630568600918039,0.6471658020177269,0.6958238094565387,0.26164839051998584,0.8955719463235357,0.874115997398797,0.0,,,,0.4470506050909521,,0.0019166604389855768,0.061150507923977006,
Pediatric-CT-SEG-6DF3D924,0.0,0.0,0.0,0.744995006719963,,,0.38469877864690544,0.5259626034269334,0.0,,0.37971800234239933,0.9219801140927439,0.8572339746996918,0.6445491901405166,0.7087227425982628,0.9512726112413256,0.936529137342616,0.21910481762406483,,,,0.728562437042633,,0.7352154313693132,0.5330155686181867,
Pediatric-CT-SEG-84CF10F5,,,,0.4696799599302233,,,,,,,,,,,,0.9021229583677899,0.8809556755255067,,,,,,,,,
Pediatric-CT-SEG-23DB510F,0.0,0.0,0.0,0.4049180683700422,,,0.0,0.48360855375322714,0.0,,0.0,,,0.6730872741253364,0.4396892215309514,0.8657921706800721,0.8129409418566869,0.0,,,,0.45672393023412994,,0.514686231750873,0.002501949571094359,
Pediatric-CT-SEG-F074C1C4,0.0,0.0,0.0,0.8122303195100649,,,0.1321031150800572,0.4645567807532579,0.0,,0.2988822984880173,0.0,0.3533148000689177,0.7608098024265461,0.018072989041489382,0.9347902349575327,0.9111874267901916,0.0,,,,0.6132391910080593,,0.1379496099081949,0.0,
Pediatric-CT-SEG-7606C1AB,0.0,0.0,0.0,0.5813921073598726,,,0.0,0.15977796522543605,0.0,,0.04897146952530536,0.6485212700515781,0.8777216030703373,0.5630865849145951,0.051959413378305404,0.6368393524935275,0.4062560119276645,0.0,,,,0.6658961045385959,,0.0,0.00047156604135044724,
Pediatric-CT-SEG-56691E96,0.0,0.0,0.0,0.7250834005113745,,,0.04360203775846569,0.5575094437931484,0.0,,0.0,0.9061307184245715,0.9221641897964235,0.6768257930492629,0.6411223506934816,0.878228136058352,0.7921364372598215,0.0,,,,0.48406408587408434,,0.0,0.047001885931296984,
Pediatric-CT-SEG-211F45E2,0.0,0.0,0.0,0.503788191007404,,,0.0,0.6018561484918794,0.0,,0.044139216635477554,0.8956746240977437,0.8675103800487235,0.41382465347824293,0.47964031950205543,0.7999235733792809,0.8287624746916914,0.14077427039904705,,,,0.42226483022825406,,0.11025829972075706,0.1417498016097948,
Pediatric-CT-SEG-357,,,,0.22759465678510593,,,,,,,,,,0.0,,,,,,,,0.00037868542061130644,,,,
Pediatric-CT-SEG-6808CD98,0.0,0.0,0.0,0.8019415725374622,,,0.19679969399464492,0.7491533927003637,0.0,,0.7547255123271278,0.8996734866458387,0.9128032345013477,0.7044623331573788,0.7512374468799293,0.9426626366708083,0.8316916597455473,0.2223818932998024,,,,0.8279473598446812,,0.9130970958334064,0.0,
Pediatric-CT-SEG-A5DBC434,0.0,0.0,0.0,0.28351358488527717,,,0.0,0.2574972073439693,0.0,,0.30521887922429775,0.8390187461305023,0.48296116940184736,0.6612376068306155,0.6886063015829345,0.7454418674100587,0.7115545437905603,0.0,,,,0.18409302608748593,,0.45983933125654425,0.36022944550669217,
Pediatric-CT-SEG-9C6EA64D,0.0,0.0,0.0,0.42514784570470604,,,0.05443121463533169,0.3394562166817635,0.0,,0.20744164772412263,0.827961949787445,0.001469562805065493,0.24156060806388163,0.3445142835035945,0.8857728122037993,0.9130379114547643,0.0,,,,0.31942701593262185,,0.3386830735513181,0.26037586616000963,
Pediatric-CT-SEG-AF83DAF1,0.0,0.0,0.0,0.39149849003198234,,,0.0,0.4293985322860198,0.17150776693422648,,0.05065353426889325,0.9107211043296807,0.7023482707914059,0.593067878648708,0.5088596136044183,0.646412899389919,0.5516804671374779,0.0,,,,0.28196050572400194,,,0.11372798945928721,
Pediatric-CT-SEG-C76E3114,0.0,0.0,0.0,0.3839250779573398,,,0.0,0.0,0.0,,0.0,0.804069042146516,0.8294688718079487,0.44330893684086375,0.38315575635417193,0.8006349567736101,0.2003747171268708,0.0,,,,0.4742364870323988,,0.008460836964231432,0.40311334331952886,
Pediatric-CT-SEG-D907F7A8,0.0,0.0,0.0,0.5677682455463883,,,0.06242052509536988,0.5182115594329335,0.0,,0.009449761393524813,0.8264307555655384,0.5485066692240017,0.6219628175690689,0.3837915456090071,0.9348450980801771,0.8497004605164848,0.2409296515699226,,,,0.3946318627272396,,0.48038549453264967,0.5724739988738365,
Pediatric-CT-SEG-F50AD62F,0.0,0.0,0.0,0.4757224898387034,,,0.0,0.47139191789608725,,,0.37998721134509905,0.9099218559633704,0.8730575101320271,0.4516455775266629,0.3322027895891709,0.910984693946262,0.8080951762496418,0.0,,,,0.43698547002892274,,,0.03538291748237787,
Pediatric-CT-SEG-0708CC99,0.0,0.0,0.23433090659014916,0.7397022331952631,,,0.33544310440742725,0.6375209848908786,0.0,,0.3575729221756641,0.9252658500471127,0.9046280682031104,0.6551260858861182,0.6329936747795637,0.918854101837956,0.9107316095409902,0.31888638423462157,,,,0.6088541167121111,,0.41513319401894944,0.692173547166662,
Pediatric-CT-SEG-CF97E740,0.0,0.0,0.0,0.20450473040619813,,,0.0,0.5844109515740659,0.0,,0.0005402372888399443,0.8068191245195365,0.0,0.5156401223037992,0.5755946183942127,0.831288949219473,0.8237867448771322,0.0,,,,0.46786347109535176,,0.015841768983394566,0.0,
Pediatric-CT-SEG-8E692531,0.0,0.0,0.049582781219782976,0.6614876147128728,,,0.00036115569823434994,0.568502350570853,0.0,,0.0013735175255553502,0.7185149738804483,0.8285209192692987,0.7672047130564414,0.3042626742407912,0.8974257263051413,0.8836806284599351,0.0,,,,0.46079445478832853,,0.5841598372167053,0.5275120892629783,
Pediatric-CT-SEG-401,0.0,0.0,0.0,0.7776821146447847,,,0.12423878165327187,0.46912515275681116,0.08330663248958667,,0.3787268047900532,0.0,0.0,0.6918571094629917,0.30486591741274577,0.8945526972954096,0.8455943710367618,0.0,,,,0.7154084384141675,,0.010558398377626335,0.0,
Pediatric-CT-SEG-40FEFEF6,0.0,0.0,0.0,0.4182118255991446,,,0.006003953823249457,0.292909656439983,0.004156856377364618,,0.23678954452694195,0.014732920747461395,0.0,0.5878239193155061,0.36549933437607945,0.8865021163118808,0.9192777965389873,0.0,,,,0.436735975840538,,0.06062527744308453,0.0,
Pediatric-CT-SEG-086CF08B,0.0,0.0,,0.7847274253556182,,,0.0,0.2432823813354787,0.0,,0.039355110998565035,0.0,0.23477267292004358,0.7280120613829302,0.5152929424069304,0.9411904598506371,0.936054555279313,0.0,,,,0.6107218154560594,,0.6045526431479123,0.0,
Pediatric-CT-SEG-372,0.0,0.0,0.0,0.6510720449592944,,,0.001996202346754954,0.40675399409404106,0.0,,0.5002344842132662,0.8038848185380815,0.19470651097838415,0.5941396473619724,0.253197389589024,0.9078264511015061,0.9179393448829588,0.0,,,,0.5695958225671239,,0.10037103560068261,0.0147343962194538,
Pediatric-CT-SEG-3DAE6E6F,0.0,0.0,0.0,0.6542443926813527,,,0.14360910443968491,0.3382689836285411,0.0,,0.448279181139805,0.694319036869827,0.8496683216943177,0.5859431239752818,0.7618334941637258,0.7197908703448582,0.7942000518079546,0.0,,,,0.5849515310860329,,0.35308365351994886,0.6114087915367407,
Pediatric-CT-SEG-70A97DEB,0.0,0.0,0.11624295902850657,0.6159400194577992,,,0.07499276530654429,0.14842213415529135,0.007323019308669899,,0.6734527563778167,0.9367237767849705,0.9375958656580743,0.5136197993793379,0.8562484825444313,0.9118045736128031,0.8906631530232045,0.49821291912302684,,,,0.8239942857022337,,0.7905490209526422,0.42928574840091555,
Pediatric-CT-SEG-03A54FD1,,,0.0,0.3355358062589903,,,0.0,,0.0,,0.3601821669254098,0.14431190364661872,0.0,0.38787819793408307,0.5999824012491095,0.7778349877663757,0.642083343025142,0.0,,,,0.43987785235472804,,0.028817267204133988,0.08728092487855482,
Pediatric-CT-SEG-34C9865E,0.0,0.0,0.0,0.4725484420682104,,,0.11433190623035239,0.394736372716895,0.09326353174511658,,0.06562995679080029,0.9147789265960055,0.8806366498487624,0.5852501804853668,0.8046272802869796,0.8785887986691373,0.8743299390892064,0.0,,,,0.5178700957030755,,0.0,0.029791580682588786,
Pediatric-CT-SEG-4934405E,0.0,0.0,0.0,0.5958338205751098,,,0.385611196151323,0.47750073768073176,0.0,,0.4252590355469468,0.9186931286586022,0.5895926328509079,0.6276032633724803,0.6291866661042923,0.9434022628902282,0.9201493555164315,0.24052899848463977,,,,0.5634938609675582,,0.19995287666538147,0.538089337345843,
Pediatric-CT-SEG-0296A78B,,,,0.6691794429798956,,,,,,,,,,,,0.9325004773407836,0.9041240525722711,,,,,,,,,
Pediatric-CT-SEG-E0460BDB,0.0,0.0,0.7358821953421911,0.7100646328770148,,,0.41418375739566476,0.6009611533840609,0.0,,0.44073039409962206,0.7201368259969394,0.9305494472728899,0.7267471041714049,0.11668031974384582,0.9145756650746221,0.9065403267079316,0.02621453044013002,,,,0.6667814450063732,,0.0,0.0,
Pediatric-CT-SEG-AA032583,0.0,0.0,0.7536494454401413,0.6939053890511996,,,0.3589935760171306,0.2530543631615285,0.0,,0.6362144047258407,0.8698302043779126,0.9285217459775847,0.3808090516907744,0.5546826831292828,0.9316310521008242,0.9310375680129863,0.06437917326025705,,,,0.5105421913073348,,0.12180814354727398,0.011290564119785261,
Pediatric-CT-SEG-6A2228AD,0.0,0.0,0.10589822347667276,0.7773756396140696,,,0.2860569909553603,0.4996337912431448,0.0,,0.6152929303581479,0.9034470193439852,0.8900224347172504,0.8173467105420896,0.6294167450094286,0.9449922508255062,0.9308869685142475,0.04870117149237942,,,,0.760396839822007,,0.4575235822827043,0.6294478393952267,
Pediatric-CT-SEG-474F00E2,0.0,0.0,0.0,0.36173190583859244,,,0.0,0.2885985112194077,0.0,,0.2195080376355428,0.57539680605845,0.5917707528828997,0.7005101562044841,0.6329281117571844,0.6937974756943773,0.7343383240201585,0.0,,,,0.5463096564618785,,0.0,0.038275439974132755,
Pediatric-CT-SEG-8877A5A3,0.0,0.0,0.0,0.39292622030711566,,,0.0,0.21252676659528907,0.0,,0.0,0.3375428849992182,0.47090974716831957,0.4899011245608808,0.6129233433915402,0.8312819221276382,0.6649981494849705,0.0,,,,0.44064917842951395,,0.09297405115203937,0.0008185954822717695,
Pediatric-CT-SEG-423F282F,0.0,0.0,0.6079606632689685,0.7228018204157256,,,0.0,0.2753093543630185,0.054425856574132694,,0.6615976431292339,0.8067156951758369,0.04165087661984101,0.4447711733089224,0.7566843743925251,0.9357412408710212,0.821997871828676,0.16485798378505265,,,,0.6996958192836427,,0.6624200849811195,0.6280108210293015,
Pediatric-CT-SEG-86096795,0.0,0.0,0.0,0.7282886062880621,,,0.0,0.25116908688161454,0.0,,0.0005937581177867666,0.8436119801614487,0.8725827231876316,0.5804936318894951,0.1023269135049676,0.871242682780286,0.5742489132357435,0.0,,,,0.48332056838716964,,0.10433968494129743,0.0,
Pediatric-CT-SEG-D9417C24,0.0,0.0,0.0,0.4088647691915089,,,0.0,0.4328319901442431,0.0,,0.0331338749447507,0.9097168060672888,0.14771881159208702,0.6031417907954033,0.7267809401297101,0.8861229938412063,0.8821112396412655,0.0,,,,0.38250022010917417,,0.014659003206956555,0.48324505176905125,
Pediatric-CT-SEG-54BC2D63,0.0,0.0,0.0,0.308217974820447,,,0.0,0.41953365454340363,0.0,,0.009741335459380066,0.07871531616911494,0.0,0.34701286500461365,0.422108919124142,0.7742910945000906,0.6622495960566713,0.0,,,,0.47509544759171807,,0.8485465876625409,0.008377303720726306,
Pediatric-CT-SEG-391,0.0,0.0,0.0,0.5023894147430381,,,0.0,0.0,0.0,,0.0,0.9205599814545722,0.8954969991548042,0.3402629971385397,0.8973634336568115,0.7117407431475911,0.5859392392288398,0.40837316630954346,,,,0.44311989994489975,,0.0,0.0,
Pediatric-CT-SEG-364C5664,0.0,0.0,0.0,0.30267694734639344,,,0.0,0.12666984732824427,0.0,,0.0,0.8525083701940451,0.0,0.40753478352056266,0.29229272730378925,0.7859515492893411,0.5299962632871942,0.0,,,,0.36758319420398367,,0.13332902301172947,0.25790038462002196,
Pediatric-CT-SEG-37058120,0.0,0.0,0.0,0.7076214580261142,,,0.15229083901337145,0.26918475073313786,0.0,,0.39928887848381867,0.9092835421606014,0.9269205800974393,0.40932878762006264,0.448658925790984,0.9333614255087617,0.9006090054297201,0.01227200954156243,,,,0.4532769752471301,,0.7181972063727108,0.35830405075086585,
Pediatric-CT-SEG-47CA11F8,0.0,0.0,0.0,0.7852577270376083,,,0.3917532313060027,0.6331081706301471,0.0,,0.5373660111603469,0.9393358601746282,0.9375844426422418,0.7671373291663702,0.6472054950157377,0.9486832083889437,0.9354194407456724,0.0049339293129137055,,,,0.6215753671943081,,0.6493850494015309,0.0,
Pediatric-CT-SEG-80953A20,0.16220265967409628,0.0,0.11026719170615587,0.7759870457800604,,,0.35103865615383895,0.5277923930976056,0.0,,0.6868994850488009,0.8450842334688814,0.8217277496760955,0.46034400127802333,0.7999427736373905,0.9505792638966579,0.930422882107372,0.3582003222563453,,,,0.7949681245280147,,0.8028889462643622,0.0,
Pediatric-CT-SEG-BB8C3187,0.0,0.0,0.0,0.6616014371344785,,,0.17644198035210581,0.29128380532769066,0.0,,0.6574700522689795,0.9151079756186071,0.9246187313482422,,0.7800491413062097,0.9310978310987352,0.7956980090107942,0.15154444460968755,,,,0.5148773475752674,,0.0,0.0,
Pediatric-CT-SEG-6B1C605C,0.0,0.0,0.0,0.3113482688391039,,,0.26125607486645336,0.567277585271156,0.0,,0.806605365057247,0.9037897199466848,0.9139814679267175,0.4200152396293533,0.6100135510628687,0.8489127688602179,0.8393112475776843,0.16749076797896978,,,,0.6758403912613825,,0.18795807710644763,0.18082751887001125,
Pediatric-CT-SEG-572C61DF,0.0,0.0,0.0,0.6974485865585621,,,0.25544190925780225,0.4524080907211715,0.0,,0.4751256918533376,0.917638662673602,0.8557132126070179,0.717636372572398,0.529551660833658,0.9208524470167145,0.900099778053248,0.05768271513797163,,,,0.7232962234247824,,0.616278252573159,0.0,
Pediatric-CT-SEG-D428FA7F,0.0,0.0,0.0,0.3132523799405572,,,0.13551522364375682,0.40025651144435676,0.0,,0.0,0.8200561836359433,0.747273323311646,0.42234119476495346,0.042953341800666206,0.8816268772346783,0.8086708300612044,0.0,,,,0.3112019755333597,,0.0,0.00586723151200545,
Pediatric-CT-SEG-F11B7BAF,0.0,0.0,0.0,0.6300212664837712,,,0.0966718640787139,0.5306991929607938,0.0,,0.5417699785900585,0.9188673439296353,0.9323488649652921,0.40782951177481525,0.5196604145248624,0.9441464003293724,0.9340542386140294,0.0,,,,0.49100887608967775,,0.023687280662393666,0.06516378400697344,
Pediatric-CT-SEG-3BA68088,0.0,0.0,0.3774346885789102,0.751136295500978,,,0.058993304086815974,0.4857632426848565,0.0,,0.7221080168680994,0.7379964086164589,0.9431336417406544,0.7599535254073988,0.9096761646018733,0.9021933449710965,0.9254216224603778,0.3682606357093461,,,,0.794933192975979,,0.8762869483829351,0.4555916604782734,
Pediatric-CT-SEG-8FAE886E,0.0,0.0,0.0,0.3300642398613719,,,0.0,0.10894160044900009,0.0,,0.0,0.0,0.0,0.05351186914075397,0.14653717973014824,0.10958443160787393,0.15841156880786236,0.0,,,,0.0003585119818869631,,0.0,0.0,
Pediatric-CT-SEG-26CD86DF,0.0,0.0,0.0,0.504749801115076,,,0.06005576068118454,0.5161753102359945,0.0,,0.4515483209328741,0.858584402479458,0.9063440390402403,0.646712158808933,0.6603353049899531,0.921838189374852,0.9119639105688708,0.12953992977401638,,,,0.2917674039484409,,0.038542977715258754,0.024031258981147996,
Pediatric-CT-SEG-D2DA28FC,0.0,0.0,0.0,0.29106224656159857,,,0.0,0.040373867797263444,0.0,,0.10620013116187561,0.9048143448804195,0.21262628104599002,0.1355508937295247,0.06601853656354731,0.7294248793078315,0.6458273297485545,0.0,,,,0.1059557796413269,,0.0,0.35284091198184586,
Pediatric-CT-SEG-CB9BF05E,0.0,0.0,0.0,0.7466807258883033,,,0.4800144560896278,0.2757365770975622,0.0,,0.6876804926560838,0.616744833529441,0.7373803003758951,0.6725906806004027,0.5878244467281799,0.9406398888038398,0.9167072414090518,0.18824786732571233,,,,0.7151183463679583,,0.01732974656661475,0.0,
Pediatric-CT-SEG-5B1E0A68,0.0,,0.0,0.46902770037145103,,,0.46810792293772013,0.33233055454874955,0.0,,0.3157544427218081,0.8824406385222355,,0.6032348200349595,0.1767947016542337,0.8909406118161477,0.8692973532801028,0.0,,,,0.46868996292467496,,0.0,0.40499623441129284,
Pediatric-CT-SEG-23E1B738,0.0,0.0,0.0,0.553249060270843,,,0.05852200237047327,0.33096096248540535,0.0,,0.44439996491059,0.7705701513947687,0.7980374323871524,0.40621639696152306,0.3525771414051647,0.8982823225851904,0.902830861305196,0.0,,,,0.4470078489931625,,0.09005424275981155,0.0,
Pediatric-CT-SEG-400,0.0,0.0,0.0,0.7624129344345748,,,0.1423496390508643,0.5113084882336782,0.0,,0.0,0.0,0.1409391380513775,0.7398556811774216,0.5817522087335742,0.8439934115328962,0.674393529053267,0.0,,,,0.5428171459478132,,0.0,0.25701720624144264,
Pediatric-CT-SEG-06E178AC,0.0,0.0,0.0625625961941514,0.7701727976969397,,,0.0,0.5461861157472145,0.0,,0.5970660933963425,0.8486057985475913,0.8863772638772812,0.7393779126941779,0.8469928987429696,0.9586895976122545,0.9424173636273522,0.0,,,,0.7780190956650256,,0.6551995934729828,0.002386206981819081,
Pediatric-CT-SEG-F9EBCC69,0.0,0.0,0.0,0.6273487613046533,,,0.0010266482167566844,0.47756624892375393,0.0,,0.47052949777819414,0.9208439303653846,0.7994612172641382,0.5595633198694462,0.5118684276577528,0.9324716594260396,0.9187507721875214,0.0,,,,0.727716190456235,,0.47313407893450715,0.0,
Pediatric-CT-SEG-4EF8F066,0.0,0.0,0.0,0.4255825645772578,,,0.0,0.2738941860260935,0.0,,0.09010430915353157,0.028850096520204743,0.7260306946554114,0.2690009301192626,0.49540351749163175,0.8736935067768825,0.8869652398970677,0.0,,,,0.23713330359363466,,0.09067237050125547,0.012250308432750785,
Pediatric-CT-SEG-56A68720,0.0,0.0,0.0,0.5586781456805191,,,0.24752904993985392,0.2659577575881511,0.0,,0.02983575585473649,0.9348496097579779,0.9256013930638949,0.6171860059953511,0.3491413475064228,0.9109645169220684,0.8807449272351947,0.0,,,,0.6711626392288909,,0.0,0.3377557487692757,
Pediatric-CT-SEG-378,,,,0.35061190203577064,,,,,,,,,,0.0,,,,,,,,0.00018362420938301347,,,,
Pediatric-CT-SEG-27BFD847,0.0,,0.0,0.4264744492086135,,,0.24230118443316412,0.3269561890185575,0.0,,0.13316576204877592,0.9167819360127052,0.8946435070306038,0.5955379099064445,0.41447894377697064,0.8545248916382612,0.8840902173385621,0.0,,,,0.5678342945463458,,0.0,0.0,
Pediatric-CT-SEG-272B6C5D,0.0,0.0,0.0,0.4798916244551773,,,0.00518979623668874,0.1766304347826087,0.0,,0.11150522531958959,0.85392271570937,0.7818983875874658,0.32742613240575386,0.37016576321389993,0.8908308608347941,0.8698959078153576,0.0,,,,0.19771701354505458,,0.0,0.0,
Pediatric-CT-SEG-CE81FF83,0.0,0.0,0.0,0.27964143969461025,,,0.0,0.24059913283405598,0.0,,0.0,0.623055304952847,0.0,0.6364590533241175,0.825079185153498,0.9084280907031473,0.6482256703144877,0.0,,,,0.42937989626037604,,0.015125349848151014,0.5493091458114105,
Pediatric-CT-SEG-11D16CF0,0.0,0.0,0.0,0.7246030584252822,,,0.0,0.23201150193928047,0.0,,0.4448984867251871,0.5148730833467238,0.45081024328813335,0.4608380823412139,0.7685076894863135,0.4733521328326043,0.5151297479224268,0.0,,,,0.5528833189808895,,0.44374939710183786,0.0744436262609048,
Pediatric-CT-SEG-9D907991,0.0,0.0,0.0,0.37334943898484646,,,0.2710318313155193,0.2523497505994589,0.0,,0.24020458349249302,0.912096892123214,0.9036479579094587,0.7486027098398211,0.13053233503492706,0.7676254659973353,0.7164359524786649,0.0,,,,0.3707248288116662,,0.0004897159647404506,0.0,
Pediatric-CT-SEG-A768A490,,0.0,0.0,0.36699455680928406,,,0.0,0.23686974789915966,0.0,,0.014026116600219565,,0.7641858619118317,0.4043765101315105,0.3872021512337226,0.7904611881404308,0.8026478446055396,0.0,,,,0.16625831822023104,,0.0,0.032617613895353025,
Pediatric-CT-SEG-20A9D6EC,0.0,0.0,0.0,0.30561028881806296,,,0.0324301175737756,0.24935408528141212,0.0,,0.01688042796354533,0.9065118087277675,0.8780053561917527,0.03926525489912829,0.45175348218797684,0.6579463328730759,0.7113396836362681,0.0,,,,0.5601337189691898,,0.015945800467041974,0.0,
Pediatric-CT-SEG-385,0.0,0.0,0.0,0.334219779871437,,,0.0001045460089561081,0.030682749736503104,0.0,,0.2699769084673508,0.9049783123526174,0.9169629810034097,0.31436610469259046,0.6114286350842536,0.8656258038365903,0.4277465834696657,0.0,,,,0.22896102097327056,,0.03421073104950598,0.001921833133142382,
Pediatric-CT-SEG-4A8A81FB,0.0,,0.0,0.40582155004148335,,,0.0,0.2938504542278127,0.0,,0.15538107838459203,0.8788873337856036,,0.47696412009295636,0.20491103128885996,0.8440380378777207,0.9174135695775281,0.0,,,,0.20270486411006383,,0.007192675615461259,0.0,
Pediatric-CT-SEG-373,0.0,0.0,0.0,0.377076632959872,,,0.0,0.37165558618453054,0.0,,0.0036956488677322707,0.4828239042160101,0.0,0.46691121113132095,0.45283650489363536,0.8265955561628511,0.8638857351996534,0.0,,,,0.273337636852334,,0.0,0.0806047290430608,
Pediatric-CT-SEG-8110AFDA,0.0,0.0,0.0,0.35165878528676425,,,0.13996432346723045,0.4855773893813893,0.0,,0.12857804440893553,,0.838607564854511,0.23963696000050236,0.34357853089162266,0.8997058362513829,0.811724070234799,0.0,,,,0.26383811709956667,,0.0,0.0,
Pediatric-CT-SEG-0C5320A6,0.0,,0.0,0.7436222727444011,,,0.0,0.35362997658079626,0.0,,0.0,0.831005634698885,0.8758044512286536,0.8276060801860734,0.1915321949221231,0.44568611114437684,0.5766417067238638,0.0,,,,0.5254362875062871,,0.0059626615767270396,0.0,
Pediatric-CT-SEG-5A7D2B3A,0.0,0.0,0.0,0.26392909681707977,,,0.0,0.0,0.0,,0.0,0.7714083578849434,0.044775568643079605,0.4088130580175723,0.13566618809981576,0.20391167005440972,0.0,0.0,,,,0.20916950620942848,,0.02170123668169113,0.003613304330757552,
Pediatric-CT-SEG-D5A04A94,0.0,0.0,0.0,0.695811820829319,,,0.028109044328576326,0.6125138767508326,0.0,,0.5192711844244419,0.8900270606134514,0.8175469427359006,0.6941024448394082,0.1965301632572832,0.9088867484791169,0.8302999192330778,0.0,,,,0.41544326199668996,,0.0,0.0,
Pediatric-CT-SEG-5FF9F6C8,0.0,0.0,0.0,0.37819443868075137,,,0.0,0.10250901868590653,0.0,,0.4718426145063933,0.059710077178316744,0.0,0.5043283792802505,0.042188137510150325,0.8815821432205977,0.8421304842426338,0.0,,,,0.10951150135254133,,0.13502115835164635,0.0,
