Adrenal Left,Adrenal Right,Bladder,Bones,Breast Left,Breast Right,Duodenum,Esophagus,Gall Bladder,Gonads,Heart,Kidney Left,Kidney Right,Large Intestine,Liver,Lung_L,Lung_R,Pancreas,Prostate,Rectum,Skin,Small Intestine,Spinal Canal,Spleen,Stomach,Thymus,uid
0.0,0.0,,0.4793592271125108,,,0.0,0.39443825014757,0.0,,0.0,0.5281996454483981,0.0,0.5709145704643477,0.0,0.01471051293023406,0.0,0.0,,,,0.25056932917011376,,0.0,0.0,,Pediatric-CT-SEG-CF28F28B
0.0,0.0,0.0,0.8732551226159737,,,0.314021710729471,0.6238405368067891,0.5021440129449838,,0.001249292969038192,0.4656401498766944,0.0,0.7245432571654015,0.7064370860521116,0.962180208586589,0.9448757763975155,0.0,,,,0.652054928661138,,0.7509207112573562,0.0,,Pediatric-CT-SEG-394
,,0.0,0.3540282681585099,,,,0.23804651500308407,0.04171459822354649,,0.0,0.9150749139776206,0.05978937361674316,,0.6146162664126851,0.0,0.22989154056754685,,,,,,,0.0014262652226384339,0.0,,Pediatric-CT-SEG-A975CECD
0.0,0.27942866524380233,0.0,0.7668404627520636,,,0.1691575385674141,0.47016525468047277,0.0,,0.615562409479427,0.9375414756503686,0.9221262344960841,,0.9031007996140539,0.8925881496162621,0.8779543831638935,0.524024811077622,,,,0.6807151059604711,,0.5348084905242323,0.0,,Pediatric-CT-SEG-BB8C3187
0.2806633291614518,0.0,0.0,0.8092752955034622,,,0.0,,0.0,,0.0,0.8430139653801274,0.870201559421312,0.7668632998484206,0.8643592653876133,0.8199633568041386,0.24572240644244434,0.5117520123922172,,,,0.8243724975694409,,0.9470223738134645,0.5549172112982228,,Pediatric-CT-SEG-4C1A38AE
0.0,0.0,0.0,0.2341145320256224,,,0.0,0.5010057800524533,0.0,,0.11512458508111793,0.0,0.0,0.12690245960994212,0.26631477622069943,0.056952789135322035,0.31475282060644577,0.0,,,,0.0002912675740771859,,0.0,0.0,,Pediatric-CT-SEG-0C74FB06
0.0,0.0,0.0,0.8662733680857893,,,0.38368912726885235,0.5416207883726052,0.4967544156311707,,0.6601808063339589,0.5299054038272244,0.0,0.7175401298122129,0.26533045924662557,0.9438558976620782,0.8534981243748988,0.22005617049396994,,,,0.7191625123362624,,0.5232310500695411,0.012389042287491681,,Pediatric-CT-SEG-401
0.19504950495049506,0.06293706293706294,0.0,0.7445029460580647,,,0.4923227876634225,0.07736681370885647,0.541636036036036,,0.3352580755845302,0.9491225667612246,0.9446776744930061,0.38765142633841343,0.6894214465385897,0.40280948756976154,0.40262216016051317,0.290151079439449,,,,0.6543093483772457,,0.0,0.24927391046174852,,Pediatric-CT-SEG-404
0.0,0.0,0.0,0.26208980505871204,,,0.0,0.48577613295160954,0.0,,0.027461474299215333,0.0,0.0,0.4910276703600553,0.20953995510710346,0.0053165983865133375,0.003692472259316464,0.0,,,,0.40678258087538605,,0.0,0.0,,Pediatric-CT-SEG-DB982328
0.025580293699668404,0.0,0.0,0.5755156069161507,,,0.0,0.18724069285009953,0.5473179754498066,,0.00010246169924758959,0.9262843432572496,0.5750843368232584,0.4820991429757994,0.8030545286325069,0.6085575211120368,0.7927772777944438,0.10661635959016301,,,,0.4934460562560974,,0.0,0.22741744136946454,,Pediatric-CT-SEG-B93CB2C7
0.0,0.0,0.0,0.369692602413312,,,0.339084694069873,0.5531818181818182,0.0,,0.13592123890936206,0.9423020809337326,0.0,0.7098884031990275,0.5192606072799212,0.7168426245284316,0.8711979489585603,0.0,,,,0.4854938043959286,,0.0,0.0,,Pediatric-CT-SEG-D9417C24
0.0008179122789080871,0.11849413700884592,0.0,0.7992881234591553,,,0.16981403030085446,0.5743532707200527,0.7479173094723851,,0.05095270097589141,0.9590513240006379,0.9564843666057806,0.7595598117129513,0.9334080559224616,0.9607435641138059,0.9583373288003657,0.659444798457592,,,,0.7700203203442505,,0.5318653277960288,0.539077578689667,,Pediatric-CT-SEG-3B10B8AB
0.0,0.0,0.0,0.48440095667374866,,,0.14212661886498804,0.5881148433755936,0.0,,0.5585830393974481,0.9201864367779187,0.0,0.6105127155016654,0.2940026442375313,0.015497902749728135,0.4161870790301466,0.0,,,,0.5348741254830719,,0.04688558817604073,0.020607719134308932,,Pediatric-CT-SEG-A0AE8B8A
0.0,0.0,0.0,0.3662561420928466,,,0.05297973778307509,0.5391015742042548,0.0,,0.22048638726124506,0.0,0.29500058683660296,0.4643194372214676,0.14786291445047636,0.07779874120033409,0.2928247524259887,0.0,,,,0.4963362352173678,,0.0,0.0,,Pediatric-CT-SEG-AB8F282E
0.0,0.0,0.0,0.20334750944567143,,,0.0010581610672310193,0.39818725800774374,0.0,,0.2145456147860902,0.0,0.0,0.518225774696923,0.5747167522488358,0.0,0.011913750037417556,0.0,,,,0.48904954814583984,,0.0,0.0,,Pediatric-CT-SEG-CD066857
0.0,0.0,0.0,0.7537960260568993,,,0.4422216720310308,0.5321183754698902,0.0,,0.1756345474942946,0.9318455068786118,0.6647558369875355,0.8019616184181176,0.41661977590984517,0.9520432439307901,0.9496715435332541,0.053348188447737005,,,,0.4277072214633664,,0.0,0.32764448372456123,,Pediatric-CT-SEG-3DA8BA0F
,,0.0,0.2506734656100797,,,,0.4038081969116452,0.0,,0.49568192840528685,0.0,0.0,,0.21721176201856085,0.09563133905428957,0.3109620339756014,0.0,,,,,,0.0,,,Pediatric-CT-SEG-FC6A7B5A
0.0,0.0,0.0,0.8087087410401129,,,0.07497675654137335,0.7351623300055027,0.0,,0.02157792320002404,0.0,0.0,0.7538663536473208,0.530111371556625,0.9484011492401963,0.928365426316246,0.0,,,,0.6234191702218717,,0.0,0.04817944552413209,,Pediatric-CT-SEG-400
0.0,0.0,,0.5335481950849739,,,0.1665939816833842,0.3497635274865579,,,0.09407619039921765,0.8797828809632798,0.7897664773714099,,0.3258699004332931,0.7963831735808145,0.8577774510023304,0.0,,,,,,0.665533850439765,0.0,,Pediatric-CT-SEG-2744A45D
0.0,,0.0,0.6166506434964489,,,0.4623465979651813,0.5287699841567046,0.4858694988707807,,0.18104011975233714,0.9572563821192133,0.9434588643054502,0.64716350756602,0.8011048186567474,0.9064839659159594,0.925707925861692,0.2964383094751193,,,,0.4323336949954707,,6.369359136314902e-05,0.31110510264535957,,Pediatric-CT-SEG-1360E26F
0.0,0.04299947561615102,0.0,0.4027908813656011,,,0.3160244438796371,0.7913773322866977,0.20429017160686427,,0.7624740622999588,0.8836430169738778,0.20213069428596506,0.7133037684797653,0.5108001218842391,0.9416367212461721,0.9010657367982808,0.5757502679528403,,,,0.7267743768292119,,0.5106216911924124,0.1029882700382334,,Pediatric-CT-SEG-BB8351E7
0.04698972099853157,0.34496,0.04375028988655976,0.8490777352968255,,,0.43683829175183037,0.6734615518866278,0.0,,0.40072210846794254,0.9475896612721821,0.9585150295306627,0.7280755774153963,0.8810417971063208,0.9469224354544667,0.9398233506593401,0.6879695885509839,,,,0.8047207821480897,,0.45358637616450154,0.5865809410523674,,Pediatric-CT-SEG-14EF72AF
0.0,0.0,0.0,0.1625006856043041,,,0.00737662822727485,0.2685581509110921,0.0,,0.31726213875050313,0.0,0.0,0.37516447972948136,0.013134842787476852,0.0,0.0,0.0,,,,0.36705962808912823,,0.0,0.0,,Pediatric-CT-SEG-D5D9FBD7
0.0,,0.0,0.4822437999276925,,,0.28685655616570477,0.37964571031608196,0.08716820373578016,,0.03541096420554895,0.9447651575619204,0.9237109362244065,0.6854382765675144,0.598992393041477,0.9023651117022251,0.9335653526979241,0.44216213134149646,,,,0.531306916359221,,0.0,0.2774586796740265,,Pediatric-CT-SEG-27BFD847
0.10699588477366255,0.24265905383360523,0.0,0.8701842442524117,,,0.49491933327391036,0.8132239101332868,0.0,,0.7666941269350908,0.9408554481033191,0.9417381412997451,0.7727564828471313,0.925906895797201,0.9523389543498201,0.9412156393325868,0.7118009515638406,,,,0.8829384155116714,,0.939269054491877,0.0,,Pediatric-CT-SEG-6808CD98
0.0,0.0,0.0,0.2920831283412191,,,0.0,0.17220938410529488,0.0,,0.0,0.0,0.0,0.6007399416277198,0.0,0.7145760433039886,0.915257530047337,0.0,,,,0.23623579389396843,,0.0,0.0,,Pediatric-CT-SEG-AE15BE14
0.0,,0.0,0.37110322003037954,,,0.027526139561635958,0.5184871458218627,,,0.013431929047690465,0.9432921112549667,,0.17954279421661196,0.5882747874749442,0.7205031836244296,0.8378868955353974,0.1091603523686318,,,,0.4970595838389519,,0.8186781452623549,0.35089890933251233,,Pediatric-CT-SEG-1D20EAD2
0.0,0.0,0.0,0.7243525903779142,,,0.28147610963690606,0.45291269717320004,0.1253795320592963,,0.6453190539937528,0.9424212343993962,0.9485154852899289,0.7492815159026363,0.8528640367533321,0.958592170194433,0.940274937402268,0.3466075528461721,,,,0.5804654011022657,,0.6134752805035174,0.5523199285930601,,Pediatric-CT-SEG-38C25E47
0.1236937513329068,0.1989502624343914,0.0,0.888454090444565,,,0.16880112099586145,0.5417037696645889,0.6403816649502952,,0.8219309526343224,0.9521281844333739,0.9450715732453455,0.771598544308168,0.9200446196118544,0.962865631168624,0.9497026908165623,0.5367378764250783,,,,0.6608358203210379,,0.6866408372748314,0.044157297188239394,,Pediatric-CT-SEG-397
0.08254038504093826,0.09773712084737603,0.048290465342659586,0.6687330837892312,,,0.36808283402422026,0.5182168529805669,0.7879438983538328,,0.3318715474326451,0.9572783068933325,0.9567876612152639,0.7399467321385335,0.9223206948960352,0.9412535320317365,0.9602183450625145,0.6992510646629791,,,,0.6031131175322918,,0.9274173602598017,0.05728091606153096,,Pediatric-CT-SEG-C26BBB5F
0.0,0.0,0.0,0.37039362297111267,,,0.0,0.4685509043485697,0.0,,0.07894273758429496,0.6172199422457441,0.0,0.6751642648729314,0.31676274871824783,0.14739379116492088,0.4601628777401589,0.0,,,,0.4042546152895231,,0.0,0.0,,Pediatric-CT-SEG-72C58EB3
0.0,0.0,0.0,0.7487732346635052,,,0.12146582942954916,0.6005259648862878,0.0,,0.1928532444939681,0.9512238192424045,0.869138760839104,0.6449791596232648,0.889860480154135,0.942751712075271,0.9317067109487365,0.0322883659181143,,,,0.31109814908953337,,0.7885033279120939,0.361752057209024,,Pediatric-CT-SEG-176261A0
0.0,0.0,0.0,0.26563587979148756,,,0.15619232637202526,0.5233291859225027,0.0,,0.06426401210353591,0.0,0.0,0.40187730850591175,0.0,0.0,0.437425837889875,0.0,,,,0.16580555741688385,,0.0,0.0,,Pediatric-CT-SEG-769F1A5A
0.0,0.0,0.0,0.8225299343873201,,,0.29277818229959623,0.6572321030152355,,,0.7776721655436566,0.9238503092692083,0.9495302892434156,0.4740596092431989,0.7384617209076177,0.9499711857081112,0.9419294358564035,0.24923175416133161,,,,0.7267409737254386,,,0.07175243747350572,,Pediatric-CT-SEG-399
0.19967862881628282,0.019345923537540305,0.0,0.7674897197990669,,,0.6304594848033538,0.7803199028143348,0.844181980651929,,0.8006456820016142,0.9501753067550859,0.9504906982940234,0.30937573732671914,0.8369493726210733,0.9007744183238758,0.8380639916867793,0.7853905448770966,,,,0.6698039492583028,,0.9393958379452308,4.6783443339402186e-05,,Pediatric-CT-SEG-00DCF4D6
0.0,0.0,0.0,0.3312817987854915,,,0.15921590315543677,0.19743831604031178,,,0.08319318126153193,0.6141322828864019,0.0,0.47794163023831804,0.7359576715425693,0.38110992291583123,0.6730523733338405,0.21289887756953627,,,,0.5174633694563429,,0.0,0.3729662523844393,,Pediatric-CT-SEG-0E3FF02E
,,0.018383077174555406,0.8647026436211653,,,0.6094358572373417,,0.0,,,0.954767969369152,0.9533181241474616,0.7829067610945426,0.5988055253612126,,,0.796566190557024,,,,0.7359084367722345,,0.01899641577060932,,,Pediatric-CT-SEG-51BBDB38
0.0923820352472996,0.0180296200901481,0.0,0.8098472834750556,,,0.45875765813283564,0.6188610928242264,0.8601016314522599,,0.25898710984497847,0.9582917500443273,0.9359429661044423,0.5478465637103633,0.9030050775403293,0.966640188211938,0.9630420955290453,0.6459673730751639,,,,0.5321524683575692,,0.6399889681982047,0.6270886093137887,,Pediatric-CT-SEG-E66B16E4
0.2250367107195301,0.04256384576865298,0.0,0.7297878152016719,,,0.22679742494434751,0.5553434731068293,0.023672530001643925,,0.28167806267806267,0.9517517437280273,,0.8217061370447227,0.6894070208935645,0.8354226581572408,0.8674045043465648,0.4109446564287639,,,,0.718192840864786,,0.75269669640218,0.0,,Pediatric-CT-SEG-B42CD321
0.0,0.0,0.0,0.7480447216351624,,,0.0,0.8128544423440454,0.0,,0.03338350714976884,0.0,0.0,0.5802994167986051,0.38518816643509135,0.7968499907448743,0.7121948879018105,0.0,,,,0.5322785820228499,,0.004571978980771958,0.0,,Pediatric-CT-SEG-C9494BA3
0.0,0.0,0.0,0.5145049054386229,,,0.07727905358385526,0.4669722905986766,0.0,,0.5848104005482974,0.9194707169108762,0.5071216975999032,0.28350342096040904,0.7495336089138693,0.8892488840007764,0.9513392980465164,0.0,,,,0.3931417148820828,,0.628609439608322,0.0,,Pediatric-CT-SEG-23E1B738
0.0,0.10261637784573564,0.0,0.5688084844358101,,,0.002417869204789684,0.7543634640049072,0.0707650102874244,,0.5868057300829355,0.9458254997946486,0.8211606123629768,0.8067770858493241,0.8183980462814914,0.9361638682728254,0.9222714964827563,0.533270287680057,,,,0.41657962183661473,,0.7977806012852037,0.5200080343142972,,Pediatric-CT-SEG-8E692531
0.0,0.0,0.0,0.8693855625800587,,,0.07769397356433426,0.686239134000328,0.0,,0.39174265990119894,0.0,0.0,0.790848736159513,0.4084616243076399,0.9545021808565443,0.9038273875880586,0.0,,,,0.720227026310927,,0.8586638172063847,0.0,,Pediatric-CT-SEG-F074C1C4
0.0,0.0,,0.8337323446584632,,,0.17104416253140378,0.5069054063432576,0.0,,0.6642728247867842,0.0,0.0,0.8063699481002068,0.5229891944224123,0.9655993193174282,0.9391789239815551,0.2025186205368097,,,,0.7803910842111389,,0.5839307376769597,0.0,,Pediatric-CT-SEG-086CF08B
0.0,0.0,0.0,0.0032756962571882787,,,0.05092916351972549,0.13525735640486136,0.0,,0.08677829170412621,0.0,0.0,0.0012474605267847596,0.0,0.07723638376339363,0.48902886220039715,0.0,,,,0.16041729983022718,,0.0,0.0,,Pediatric-CT-SEG-160178E4
,,,0.8312614588606504,,,,,,,,,,,,0.9530814966916226,0.9530208303310411,,,,,,,,,,Pediatric-CT-SEG-0296A78B
0.0,0.0,0.0,0.5085870214547954,,,0.08885410923577641,0.44532337215264045,0.0,,0.5369308533286061,0.86305110297511,0.34938177556401995,0.7543943644206064,0.7629738345664562,0.9403723336378386,0.9494832749966694,0.2548999309868875,,,,0.30696290439206586,,0.0,0.0,,Pediatric-CT-SEG-379
0.0,0.05235602094240838,0.19402368948283832,0.8108932205176966,,,0.00045696926398985655,0.3549711553453563,0.0,,0.4734359078497427,0.7808468778644727,0.7238007051533174,0.276548246997823,0.5999251112486101,0.7535719420921592,0.7725063162616101,0.09204483259167599,,,,0.25088215006748754,,0.18839539271805492,0.06691848109204672,,Pediatric-CT-SEG-393
0.0,0.0,0.0,0.32787849360530613,,,0.030462988319058727,0.6204152249134948,0.0,,0.04695705384957721,0.0,0.0,0.5450024433033461,0.0,0.919200367772338,0.9357621050737396,0.0,,,,0.30856419006196106,,0.0,0.0,,Pediatric-CT-SEG-364C5664
0.0,0.0,0.0,0.47318064866716386,,,0.0,0.37532198278570084,0.0,,0.2177475184652087,0.0,0.3407577547842795,0.4078044187892899,0.38368490019641976,0.8571749346420953,0.7984613567068038,0.0,,,,0.25078480733616787,,0.0,0.0,,Pediatric-CT-SEG-4EF8F066
0.0,,0.0,0.29648050886549215,,,0.0006811699093192559,0.34470304975922955,0.0,,0.16509265646930085,0.9306002270657368,,0.7777428524365715,0.5538743393215245,0.5614113646025223,0.7030454869331372,0.12455221824193993,,,,0.6484239003891741,,0.0,0.19963374475458434,,Pediatric-CT-SEG-DD7F4855
0.0,0.0,0.0,0.7687066649719443,,,0.0,0.6501592428116449,0.0,,0.2600923856433925,0.9196591600730372,0.947879172142931,0.6762457538952736,0.8252095402248785,0.9249041640045557,0.9505456803310462,0.5292338791845651,,,,0.45466287811945927,,0.6693240278938776,0.377532985470581,,Pediatric-CT-SEG-56691E96
0.0,0.0523822791864029,0.0,0.7408779602345006,,,0.5095137043707759,0.6206541334020087,0.48790911357242067,,0.7894532225127784,0.9486349819198133,0.9351228829085909,0.590157227937591,0.9036331130078936,0.9540545404635994,0.9458270356568708,0.5357532751091703,,,,0.32979740622898107,,0.5650374790136248,0.0,,Pediatric-CT-SEG-627003CD
0.0,,0.0,0.5117131433722052,,,0.0027386804947583453,0.5314644042788639,0.0,,0.11407376075745498,0.8715470058817837,,0.4454854664786659,0.41627715570868024,0.9583504459924478,0.9559835664359261,0.0,,,,0.21755402278672978,,0.0,0.03612210506455583,,Pediatric-CT-SEG-B0308EC6
0.09825145711906745,0.12224108658743633,0.027667600373482728,0.7303360031481184,,,0.34377433590032014,0.5751627042103865,0.0,,0.34299332198507265,0.7429529650860772,0.9449399458580461,0.40781420986503464,0.83338931346393,0.8289485299948678,0.9227863644454635,0.25092911218169306,,,,0.6817874627710152,,0.8948336398595552,0.0,,Pediatric-CT-SEG-9B29D191
0.01568627450980392,0.0,0.0,0.8309782721850253,,,0.09928482691468288,0.6826297433761908,0.0,,0.4908924663796912,0.8903980551309458,0.5262519045416155,0.790996740536945,0.6861236240060143,0.9708759759774878,0.953176135017865,0.6483150410120183,,,,0.5686524044963064,,0.3764129542259892,0.07895150752552872,,Pediatric-CT-SEG-D907F7A8
0.003875968992248062,0.2769607843137255,0.028965425836340524,0.7632113282666982,,,0.4755497400386758,0.510404253368778,0.0,,0.19609545336847517,0.9540432345876702,0.8453470066448754,0.6783567982845099,0.9223442155480889,0.942978184840779,0.9303521785648735,0.41892645344416846,,,,0.667615019245577,,0.758554859208498,0.06256133093796706,,Pediatric-CT-SEG-1DFF8B65
0.0,0.0,0.0,0.5636217743680628,,,0.01764744908113846,0.33803846997732756,,,0.18146401793306022,,,0.7379374697775629,0.1460508066425779,0.6013778169350473,0.5881748779687219,0.0,,,,0.7238331456141612,,0.7153804149761419,0.0,,Pediatric-CT-SEG-392
0.0,0.0,0.0,0.5097195295334109,,,0.004064616988014591,0.6306676711314274,0.33372810062482133,,0.003313738266230372,0.9577777032746901,0.7315747731652079,0.6303378155865073,0.31350891531381697,0.9453034583247627,0.951495250708661,0.0,,,,0.7040031772600652,,0.0,0.0,,Pediatric-CT-SEG-BCCF0C61
0.0,0.0,0.0,0.3884672667428373,,,0.18852410459343863,0.4269581350326692,0.0,,0.723597612502493,0.9533249950320869,0.03470895098393678,0.7013710750933242,0.4060829013589511,0.9114701040707569,0.7765837330135892,0.4390568350765539,,,,0.5814060094148921,,0.12669674265158892,0.05037291803532094,,Pediatric-CT-SEG-358
,0.0,0.0,0.21135581209643728,,,0.22773945477325422,0.23143021770173108,0.0,,0.0008492370666502481,0.0,0.0,0.36963712781177516,0.0,0.0,0.049454972181025306,0.0,,,,0.002331082850383927,,0.0,0.0,,Pediatric-CT-SEG-9EC8B17D
0.0,0.0894396551724138,0.0,0.6570284602097267,,,0.5285641977391597,0.6149096385542169,0.0,,0.5732670400326421,0.9550456939365528,0.940873733668595,0.6194468188096521,0.7031245463278911,0.9295753242241779,0.9429840085547396,0.44462015999461635,,,,0.5853990243825118,,0.255567532166296,0.09598654091916463,,Pediatric-CT-SEG-384
,,,0.6960646120911353,,,,,,,,,,0.14029321150530988,,,,,,,,0.4320126563675188,,,,,Pediatric-CT-SEG-305BA50D
0.03407077978366562,0.09244087185036327,0.0,0.6064904825211905,,,0.0,0.6309213542007727,,,0.0,0.9507955570519826,0.9205568507500128,0.7549913805803312,0.9483029139551004,0.9497086845203992,0.9507771055567736,0.6360447722700779,,,,0.7143520647845545,,0.0,0.628996927776717,,Pediatric-CT-SEG-A00B1583
0.0,0.0,0.0,0.3721830201021001,,,0.4181640113646281,0.6114991939817302,0.0,,0.13694238088603047,0.9514286195261904,0.9368084895149636,0.6653671305768573,0.7508006944185488,0.15655828016501397,0.8421742633950007,0.023672220983209608,,,,0.3552200417359393,,0.0,0.0,,Pediatric-CT-SEG-1471A6A5
0.036132315521628496,0.24963041182682155,0.0,0.8208182782933269,,,0.1794094439137838,0.2785956964892412,0.714894220206244,,0.7211764289877687,0.9428435853474016,0.832896774957159,0.6592106904509449,0.88142030247239,0.9436221328746282,0.9241202502787842,0.6738659437140556,,,,0.8355581546873617,,0.9083906790027101,0.5425991362387123,,Pediatric-CT-SEG-423F282F
0.0,0.0,0.0,0.3494932458650001,,,0.14034168848983664,0.3856660774546039,0.0,,0.12969622069845319,0.0,0.0,0.6994175105103929,0.00046019438419040543,0.6076280854141517,0.8303968004314025,0.0,,,,0.4795461312158736,,0.0,0.0,,Pediatric-CT-SEG-40FEFEF6
0.0,0.1920353982300885,0.0,0.8528194302498078,,,0.004392598340281705,0.7377732290372103,0.0,,0.4721827664349919,0.9568577898363531,0.9546498124591214,0.635176612839757,0.8409851480533475,0.9547754377895324,0.9224858811309061,0.42527021645101837,,,,0.3494285828262148,,0.4929301549741063,0.6418361647963424,,Pediatric-CT-SEG-5AEBE68F
0.29218843172331543,0.2814070351758794,0.0,0.63204558893357,,,0.42750623609519317,0.5780237802378024,0.0,,0.6703053101803648,0.8810266229029905,0.8680947102950862,0.6993919266706022,0.7967564165770288,0.8973355203207581,0.91002267696195,0.6543911215384413,,,,0.6911321659011923,,0.9120441805619749,0.11391334435431164,,Pediatric-CT-SEG-361304ED
0.0,0.23294329432943295,0.0,0.7751065545154752,,,0.21648696833347483,0.37216048293839793,,,0.529904816663148,0.9564201897362614,0.9211515980824823,0.5222504771763129,0.8490361148862714,0.9269609632795945,0.9476366433511018,0.49413979759943516,,,,0.6229705907905763,,0.8535206067216405,0.2971746271306818,,Pediatric-CT-SEG-F320D54C
0.1737042225335201,0.2757731958762887,0.48048253314880296,0.847203206941799,,,0.5125067677314564,0.6361656916498334,0.0017027314650585315,,0.5375114167846656,0.9696889376928757,0.9699667291634548,0.701726747523116,0.6465258401710596,0.9615227100213596,0.9552966438770663,0.3928990966905659,,,,0.7531203538724588,,0.8111454696149147,0.14823729670066624,,Pediatric-CT-SEG-43FD435D
0.0,0.5239123727244678,0.0,0.8106787521487976,,,0.4711247212328995,0.5997800034736294,0.0259384565812792,,0.7181733180330656,0.9418514721487796,0.6290688305455634,0.7341375579610689,0.9340137056255032,0.948348530970952,0.9438473573226311,0.4751159267251274,,,,0.7872393976524682,,0.8279544033476023,0.0,,Pediatric-CT-SEG-C7D4AEFA
0.0,0.14814814814814814,0.0,0.4929385030800292,,,0.052645029389215434,0.44252551904266946,0.003455889411538831,,0.10753070033308326,0.8785211027306205,0.27544851490000577,0.41369766673842095,0.5598540235463106,0.7199521477438409,0.8316766223210001,0.4391643909481484,,,,0.054376439973891355,,0.41597801593844463,0.0,,Pediatric-CT-SEG-E69AC901
0.0,0.0,0.0,0.2795284930217489,,,0.0,0.3923278807212833,0.0,,0.1540052183203331,0.0,0.0,0.29592015827696494,0.0,0.0,0.00019370014048742266,0.0,,,,0.14244568422007528,,0.0,0.0,,Pediatric-CT-SEG-14403912
0.0,0.17993079584775087,0.0,0.3847482242349027,,,0.0018215657545638142,0.6673238619889823,0.0,,0.49221296551724136,0.8760713757942958,0.39903598188246103,0.7511777960677315,0.8180833611634635,0.8742254502496051,0.8807314311594203,0.623696048311135,,,,0.5341094841776888,,0.0,0.00012822682812988864,,Pediatric-CT-SEG-381
,0.021574973031283712,0.0,0.5937028699638189,,,0.0,0.4012517569682022,0.0,,0.6475214474923662,,0.7564474208978076,0.5579649432758617,0.45113469664471106,0.7356599616177412,0.8138867635807192,0.0018776077885952712,,,,0.6705096079968186,,0.4811158049087037,0.0,,Pediatric-CT-SEG-ACCA52D8
0.0,0.0,,0.556624223605893,,,0.3373208641411269,0.6695596040740209,0.0,,0.0,0.0,0.0,0.21540898576284773,0.0,0.8448622119942254,0.7420460447284851,0.0,,,,0.2641258016708854,,0.0,0.14125270008032503,,Pediatric-CT-SEG-0D4D6667
0.0,0.0,0.0,0.5130421816344046,,,0.3031397174254317,0.615236611846626,0.0,,0.5918396277999722,0.9368366235207861,0.9080127999543877,0.12965431810526676,0.03761212351942568,0.8998586821815108,0.5326462412503483,0.031167825511800862,,,,0.25318766168993384,,0.0,0.0,,Pediatric-CT-SEG-40210ED4
0.0,0.0,0.0,0.42298487013686603,,,0.060736104902399043,0.5748782276719387,0.0,,0.22191703825832804,0.0,0.0,0.23077890552451083,0.1064848183963859,0.9110549605296157,0.837659357774061,0.0,,,,0.36652951633249403,,0.0,0.0,,Pediatric-CT-SEG-AED6A08B
0.0,,0.0,0.34511961498925336,,,0.2810549962559281,0.4663420223431681,0.0,,0.036124487194204614,0.921506244951221,,0.7824500500345251,0.44558206868665123,0.6624723406631188,0.8858568376780418,0.0,,,,0.6765714568013236,,0.0,0.0,,Pediatric-CT-SEG-D6EED145
0.0,0.0,0.0,0.6605012876230134,,,0.0,0.7104213948353064,0.7352753438170951,,0.707194375013512,0.8292308427223158,0.925901834672762,0.7110098407770998,0.803878033481778,0.9466186531327997,0.9079783099356603,0.3391491311550527,,,,0.2506112583089295,,0.16364341837229604,0.00017447946958241246,,Pediatric-CT-SEG-26CD86DF
0.0,0.0,0.0,0.7375865040856122,,,0.0,0.38173878523223503,0.03924017288310878,,0.22784920054377053,0.9431135669423757,0.8773200498132006,0.6853300425081802,0.7376760042253964,0.7959728036347086,0.9593546968092548,0.566307349110026,,,,0.28500718715389994,,0.0,0.4069515358300573,,Pediatric-CT-SEG-322E479E
,,0.0,0.3317761718383502,,,0.0,0.6003025282719873,0.0,,0.0,0.0,0.0,0.3114105697087045,0.0,0.002150701553078449,0.05407225171565454,0.0,,,,0.30683536245722925,,0.0,0.0,,Pediatric-CT-SEG-7A676F9C
0.0,0.0,0.0,0.762950446626732,,,0.26990935219986734,0.4209935762573985,0.4247581183477961,,0.4602883448372828,0.9484450018936077,0.9471248787198464,0.5279540900364048,0.9137965719803653,0.9286291006472994,0.9449897635635346,0.638477385154374,,,,0.7769563644400523,,0.8759458544577916,0.5849541157760632,,Pediatric-CT-SEG-70A97DEB
0.0,0.0,0.0,0.49986761035197796,,,0.21857847564788438,0.4805991785455424,0.0,,0.5226566587300739,0.9120436230390111,0.5264268901342309,0.5387097928085118,0.8298174982591385,0.9168432476569426,0.9292108743265468,0.12249849629425737,,,,0.3887854671775917,,0.0,0.19294400046719137,,Pediatric-CT-SEG-29ECC095
0.23017486783245222,0.04429406336511842,0.26942390573721875,0.82283564147088,,,0.048472607927291085,0.392196826321153,0.5403921315287962,,0.7011503580706867,0.9128106308966691,0.8859230038387499,0.5144782225074196,0.8925919965947374,0.9531966927767748,0.909445936903627,0.7573010507856143,,,,0.8051006803686263,,0.8919914979347936,0.15898511579794264,,Pediatric-CT-SEG-028C9198
,,,0.42335436265624315,,,,,,,,,,,,0.889233026326514,0.8851951483036304,,,,,,,,,,Pediatric-CT-SEG-84CF10F5
0.0,0.0,0.0,0.32212044502116616,,,0.0,0.22299635053794017,0.0,,0.017118729461660515,0.0,0.33755135415420207,0.42044971069723286,0.6749553385319674,0.7058205342452774,0.0910118150820712,0.0,,,,0.4958500447282831,,0.01127812665922115,0.0,,Pediatric-CT-SEG-E95142C5
0.0,0.0,0.0,0.5551085380979908,,,0.06909769806748893,0.6050647593272762,0.015199637023593466,,0.6696854876838761,0.9553209246688614,0.9517259079575167,0.36457854988508054,0.5861979358277652,0.9528671337995773,0.8845388262347474,0.1299932165821128,,,,0.4551547935487653,,0.2127972767836607,0.0,,Pediatric-CT-SEG-642CA0DF
,0.0,0.0,0.3614174542571613,,,0.3760133059622099,0.3392437415850848,0.0,,0.003093755895114129,,0.11303230810247461,0.6954460242259274,0.033161289024377975,0.8558926422870003,0.9207813927693536,0.0,,,,0.3146319711513041,,0.6127745605318164,0.0,,Pediatric-CT-SEG-3EE98BA3
0.025118431199735596,0.0,0.0,0.8111325920778819,,,0.41551468773142436,0.6621127757687083,0.48448585349175144,,0.0015919520252842877,0.9321614788729392,0.925830418331918,0.7503284684016416,0.8902392381721582,0.9603133134432205,0.9554084173416287,0.5792631571101686,,,,0.7565910229110826,,0.5719530503915017,0.3201157013753667,,Pediatric-CT-SEG-39D76B1C
0.0,0.0,0.0,0.18666670775507815,,,0.05322847951125987,0.5224654975614818,0.0,,0.07098097081424985,0.5729825196993026,0.0,0.6756390487440139,0.16575748736254103,0.0,0.0,0.0,,,,0.3625668906351043,,0.0,0.0,,Pediatric-CT-SEG-B9DA30EF
0.0,,0.0,0.28870288970593744,,,0.15394904250807426,0.36057628468994823,0.0,,0.0025745798642047373,0.9351927299693381,,0.6783442783779093,0.5179418510309324,0.1702231501777744,0.6377132855560339,0.4428833933083225,,,,0.5530446886478904,,0.0,0.0,,Pediatric-CT-SEG-8538895B
0.0,0.16923076923076924,0.0,0.7997335523712945,,,0.038283700326575486,0.30666510025062654,0.0,,0.38444228746562964,0.8585069031108482,0.01685861128109802,0.675823742843536,0.7328466185068879,0.4471497401685947,0.7556218570485616,0.4968932209203085,,,,0.683688366292238,,0.8905259418846186,0.020703933747412008,,Pediatric-CT-SEG-FD1B2AC2
0.0,0.0,0.0,0.38694008456483564,,,0.26369225364482696,0.522571108980505,0.0,,0.06118644010755837,0.9403659262825792,0.8016434675290185,0.6720849555075042,0.5306353123973503,0.6852948085506225,0.8805713788463985,0.4563690386537593,,,,0.5128638936165603,,0.0,0.23677878412550962,,Pediatric-CT-SEG-BFCF2E26
0.0,0.0,0.0,0.2885244757075657,,,0.23952793490312518,0.5612119076977277,0.0,,0.18649516373976946,0.4395975341591682,0.491291235292641,0.5812185855029338,0.315253814736873,0.941535306831767,0.709578672632364,0.4405404348506179,,,,0.2849243197257697,,0.0,0.0,,Pediatric-CT-SEG-D428FA7F
0.0,0.0,0.0,0.43175763274493884,,,0.364556314616593,0.6753734261359193,0.0,,0.39207235775287375,0.9305515767567906,0.6174097487938779,0.8007262063435798,0.49170635473685725,0.892372829240749,0.8043462768257166,0.549711485620077,,,,0.5625339298751381,,0.012114662723239676,0.6038361504095665,,Pediatric-CT-SEG-376
0.0,0.06372881355932203,0.3291360343109719,0.7329751465034773,,,0.12278756154903961,0.5863250947140538,0.0,,0.15276305974330326,0.9375766048978647,0.9299238875581731,,0.8930409568684305,0.7677731120945065,0.8726405921399516,0.21023696199954187,,,,0.7020056398071788,,0.8794684855864975,0.04256518675123326,,Pediatric-CT-SEG-F4E60C6E
0.0,0.0,0.0,0.5302405221848102,,,0.06951980008554898,0.6814694099273443,0.0,,0.7494161085826048,0.9223988469492198,0.011640754193776673,0.6080432029795159,0.6106348443693064,0.9269097892933128,0.9082343074560781,0.47104793826906016,,,,0.511910169929297,,0.7641548269965589,0.0643584598853187,,Pediatric-CT-SEG-372
0.02330484962823216,0.1618320610687023,0.0,0.5399929811667112,,,0.411574651400068,0.45305223235449954,0.8717586936696664,,0.29555526622420947,0.9454562172786152,0.9569983136593592,0.7734395313363388,0.898380891451808,0.9349371786707383,0.903757293472403,0.662727626791804,,,,0.5781893377351304,,0.9386848222802278,0.0,,Pediatric-CT-SEG-691FB79F
,,,0.758070574636252,,,,,,,,,,,,0.7132462297051038,0.6419548090764112,,,,,,,,,,Pediatric-CT-SEG-402
0.0,0.0,0.0,0.3226186438032059,,,0.18250531597615893,0.578019226608142,0.0,,0.5377300346122152,0.7686210580332783,0.0,0.3131802288107043,0.3963692750211008,0.5876932907274941,0.6578057100884145,0.3193579672912764,,,,0.30541092966903344,,0.789648904617753,0.0,,Pediatric-CT-SEG-54BC2D63
,,0.0,0.4016099923174388,,,0.15046818337633283,0.5212918082715843,0.0,,0.0402228808316945,0.9264497684884381,0.0,0.6475644064338362,0.40401492949305723,0.0011292932536453983,0.7102620997565928,0.10402851623952047,,,,0.395026554226015,,0.0,0.0,,Pediatric-CT-SEG-42BCEEFD
0.0,0.0,0.0,0.45259995777863155,,,0.25360419397116646,0.6994438527984854,0.653888582460011,,0.12543018109997398,0.9226459728058007,0.919864973376679,0.6955952645664101,0.703762936536007,0.9332305193276923,0.9166086727359091,0.35762665944188565,,,,0.406361389677844,,0.2765324657178786,0.23549573789892653,,Pediatric-CT-SEG-5AFEEC27
0.0017873100983020554,0.0,0.0,0.3692525382810544,,,0.3733884538431981,0.5023186937375784,0.0,,0.08457190792397042,0.9526270157794348,,0.7391661704700291,0.4614884429989811,0.7700835756619657,0.8622768232165322,0.0620626000397238,,,,0.20419153758972422,,0.0,0.582205670617894,,Pediatric-CT-SEG-A52B1351
0.0,,0.0,0.7174945158873852,,,0.17299834004700174,0.5518472091646645,0.8562585671548207,,0.3360274473358403,0.9154931658662726,0.9521215919429807,0.38527476530015026,0.8394072111715803,0.9711740279280919,0.9651339103781349,0.33280150259015034,,,,0.7034827661483315,,0.0,0.3559988568130581,,Pediatric-CT-SEG-E1FF3C7E
0.0,0.20991143772376106,0.0,0.4035694684942245,,,0.3290495525682974,0.0981561166122315,0.0,,0.0039994139676191405,0.948707138842046,0.9397283394172974,0.6756408627044183,0.7323923325523701,0.6991614171933912,0.8371421162793541,0.21364216602223743,,,,0.5933473045882196,,0.3173507352506939,0.0,,Pediatric-CT-SEG-3ED0F03C
0.0,0.0,0.0,0.734084296738044,,,0.0,0.564211007601303,0.0,,0.20260068484943117,,,0.6713260967882514,0.578620544016781,0.9115343422903073,0.9125653144325054,0.1495040132369202,,,,0.434471170379768,,0.0,0.05736087743375757,,Pediatric-CT-SEG-0C49C1B7
0.0,0.11056418023475956,0.0,0.3896023270690932,,,0.4458576043547936,0.48401360544217686,0.0,,0.4560382351868119,0.9150569180033613,0.7806912281597603,0.6635694086671244,0.35020562555246915,0.9379197780226057,0.9183070258961739,0.030254993432673582,,,,0.27869072939193734,,0.6633557332489112,0.0,,Pediatric-CT-SEG-A0A9F024
0.0,,0.0,0.33671731311799197,,,0.006447043883855527,0.48197625875775946,0.0,,0.33946191524100233,0.9472586742891187,0.09259894164120146,0.6146688775637317,0.15600861192262636,5.020395356134296e-05,0.04663857969541483,0.0,,,,0.3916167380343946,,0.2530511734510922,0.0,,Pediatric-CT-SEG-7CE37159
0.0,0.0,0.0,0.8505648331247453,,,0.1808062983575404,0.701095461658842,0.0,,0.46288760381713906,0.6918609064377234,0.0,0.8816011535121495,0.7692738752168863,0.9494484119952362,0.9028565187028015,0.0,,,,0.8239822939024108,,0.39800807320092896,0.0,,Pediatric-CT-SEG-398
0.0,0.0,0.0,0.34828672920358233,,,0.0631265664160401,0.38255171001433547,0.0,,0.2328569846017503,0.43641441522170943,0.0,0.6795425866843711,0.2950669208970583,0.8808814047862858,0.8864043926516545,0.31638818831441784,,,,0.3126398397061279,,0.0,0.06841007694335914,,Pediatric-CT-SEG-CE81FF83
0.0,0.0,0.0,0.3090663791732944,,,0.0,0.5975569854946013,0.0,,0.7315878307397083,0.9162070551175899,0.0,0.3999558373988228,0.19274786391461166,0.18376353466413506,0.6012331296434694,0.0,,,,0.40350984285395597,,0.0,0.31514471458802573,,Pediatric-CT-SEG-EFFD3E4A
0.12029185564977322,0.0,0.34439817230027525,0.8346285868335003,,,0.1842823442342384,0.3628729004763099,0.0,,0.5983222978741125,0.9358978734128036,0.9510319231415508,0.7250144507866237,0.9313995547595274,0.9341669871694923,0.9238634737477706,0.5491977675221758,,,,0.47258201380105347,,0.6012183204440719,0.01078102159692297,,Pediatric-CT-SEG-403
0.0,0.005336495701156241,0.0,0.614114971792905,,,0.09138078525115725,0.6794745674440137,0.013536630717738937,,0.46999827509864833,0.9309448348720776,0.8537698498394737,0.5282478549085768,0.5478965822470185,0.9449336672615681,0.9274305106406742,0.09288071664309289,,,,0.3284551349414277,,0.04287797919571733,0.0,,Pediatric-CT-SEG-D5BC48FF
0.0,0.0,,0.005283831914051622,,,0.0,0.0,0.0,,0.0,0.0,0.0,0.0158442861192714,0.0,0.0,0.0,0.0,,,,0.0,,0.0,0.0,,Pediatric-CT-SEG-355
0.0,0.0,0.0,0.28202509814600496,,,0.21334425206676025,0.41273456990996854,0.0,,0.03772698883780776,0.7682481815304018,0.0,0.48337334424375766,0.35399949889593857,0.7256628236125321,0.8561114450291033,0.16365341186724952,,,,0.19775071435350186,,0.0,0.0,,Pediatric-CT-SEG-BD4C52F3
0.06617963042544048,0.0,0.0,,,,,,,,,,,,,,,,,,,,,,,,Pediatric-CT-SEG-DF1F8F21
0.0,0.0,0.0,0.3571443522672565,,,0.05367084295796387,0.5480958928678185,0.0,,0.275535404055749,0.02492881717878752,0.0,0.24049257968535317,0.0,0.926794630900352,0.8526532461393004,0.0,,,,0.21763783388928337,,0.0,0.0,,Pediatric-CT-SEG-7C205617
0.0,0.0,0.0,,,,,,,,,,,,,,,,,,,,,,,,Pediatric-CT-SEG-7FF0293F
